county_code,county,precinct,nixon,vindman,source_url
BAK,Baker,Baxter 4A,6,3,https://enr.electionsfl.org/BAK/4047/Precincts/59511/
BAK,Baker,Cuyler 4D,17,18,https://enr.electionsfl.org/BAK/4047/Precincts/59511/
BAK,Baker,Glen St Mary 5A,56,47,https://enr.electionsfl.org/BAK/4047/Precincts/59511/
BAK,Baker,Macedonia 4C,28,27,https://enr.electionsfl.org/BAK/4047/Precincts/59511/
BAK,Baker,North Macclenny 3A,85,37,https://enr.electionsfl.org/BAK/4047/Precincts/59511/
BAK,Baker,Olustee 6A,18,5,https://enr.electionsfl.org/BAK/4047/Precincts/59511/
BAK,Baker,Sanderson 1A,137,43,https://enr.electionsfl.org/BAK/4047/Precincts/59511/
BAK,Baker,South Macclenny 2A,97,37,https://enr.electionsfl.org/BAK/4047/Precincts/59511/
BAK,Baker,Taylor 4B,10,9,https://enr.electionsfl.org/BAK/4047/Precincts/59511/
BAY,Bay,PCT 1,0,0,https://enr.electionsfl.org/BAY/4001/Precincts/59391/
BAY,Bay,PCT 10,0,0,https://enr.electionsfl.org/BAY/4001/Precincts/59391/
BAY,Bay,PCT 11,0,0,https://enr.electionsfl.org/BAY/4001/Precincts/59391/
BAY,Bay,PCT 12,0,0,https://enr.electionsfl.org/BAY/4001/Precincts/59391/
BAY,Bay,PCT 13,0,0,https://enr.electionsfl.org/BAY/4001/Precincts/59391/
BAY,Bay,PCT 14,0,0,https://enr.electionsfl.org/BAY/4001/Precincts/59391/
BAY,Bay,PCT 15,0,0,https://enr.electionsfl.org/BAY/4001/Precincts/59391/
BAY,Bay,PCT 16,0,0,https://enr.electionsfl.org/BAY/4001/Precincts/59391/
BAY,Bay,PCT 17,0,0,https://enr.electionsfl.org/BAY/4001/Precincts/59391/
BAY,Bay,PCT 18,0,0,https://enr.electionsfl.org/BAY/4001/Precincts/59391/
BAY,Bay,PCT 19,0,0,https://enr.electionsfl.org/BAY/4001/Precincts/59391/
BAY,Bay,PCT 2,0,0,https://enr.electionsfl.org/BAY/4001/Precincts/59391/
BAY,Bay,PCT 20,0,0,https://enr.electionsfl.org/BAY/4001/Precincts/59391/
BAY,Bay,PCT 21,0,0,https://enr.electionsfl.org/BAY/4001/Precincts/59391/
BAY,Bay,PCT 22,0,0,https://enr.electionsfl.org/BAY/4001/Precincts/59391/
BAY,Bay,PCT 23,0,0,https://enr.electionsfl.org/BAY/4001/Precincts/59391/
BAY,Bay,PCT 24,0,0,https://enr.electionsfl.org/BAY/4001/Precincts/59391/
BAY,Bay,PCT 25,0,0,https://enr.electionsfl.org/BAY/4001/Precincts/59391/
BAY,Bay,PCT 26,0,0,https://enr.electionsfl.org/BAY/4001/Precincts/59391/
BAY,Bay,PCT 27,0,0,https://enr.electionsfl.org/BAY/4001/Precincts/59391/
BAY,Bay,PCT 28,0,0,https://enr.electionsfl.org/BAY/4001/Precincts/59391/
BAY,Bay,PCT 29,0,0,https://enr.electionsfl.org/BAY/4001/Precincts/59391/
BAY,Bay,PCT 3,0,0,https://enr.electionsfl.org/BAY/4001/Precincts/59391/
BAY,Bay,PCT 30,0,0,https://enr.electionsfl.org/BAY/4001/Precincts/59391/
BAY,Bay,PCT 4,0,0,https://enr.electionsfl.org/BAY/4001/Precincts/59391/
BAY,Bay,PCT 5,0,0,https://enr.electionsfl.org/BAY/4001/Precincts/59391/
BAY,Bay,PCT 6,0,0,https://enr.electionsfl.org/BAY/4001/Precincts/59391/
BAY,Bay,PCT 7,0,0,https://enr.electionsfl.org/BAY/4001/Precincts/59391/
BAY,Bay,PCT 8,0,0,https://enr.electionsfl.org/BAY/4001/Precincts/59391/
BAY,Bay,PCT 9,0,0,https://enr.electionsfl.org/BAY/4001/Precincts/59391/
BRA,Bradford,Precinct 1,41,10,https://enr.electionsfl.org/BRA/4017/Precincts/58769/
BRA,Bradford,Precinct 10,13,12,https://enr.electionsfl.org/BRA/4017/Precincts/58769/
BRA,Bradford,Precinct 11,23,19,https://enr.electionsfl.org/BRA/4017/Precincts/58769/
BRA,Bradford,Precinct 12,66,53,https://enr.electionsfl.org/BRA/4017/Precincts/58769/
BRA,Bradford,Precinct 13,21,18,https://enr.electionsfl.org/BRA/4017/Precincts/58769/
BRA,Bradford,Precinct 2,65,8,https://enr.electionsfl.org/BRA/4017/Precincts/58769/
BRA,Bradford,Precinct 3,22,15,https://enr.electionsfl.org/BRA/4017/Precincts/58769/
BRA,Bradford,Precinct 4,74,11,https://enr.electionsfl.org/BRA/4017/Precincts/58769/
BRA,Bradford,Precinct 5,13,17,https://enr.electionsfl.org/BRA/4017/Precincts/58769/
BRA,Bradford,Precinct 6,112,19,https://enr.electionsfl.org/BRA/4017/Precincts/58769/
BRA,Bradford,Precinct 7,65,37,https://enr.electionsfl.org/BRA/4017/Precincts/58769/
BRA,Bradford,Precinct 8,14,13,https://enr.electionsfl.org/BRA/4017/Precincts/58769/
BRA,Bradford,Precinct 9,20,7,https://enr.electionsfl.org/BRA/4017/Precincts/58769/
BRE,Brevard,100,72,52,https://enr.electionsfl.org/BRE/3995/Precincts/58156/
BRE,Brevard,102,207,207,https://enr.electionsfl.org/BRE/3995/Precincts/58156/
BRE,Brevard,103,116,112,https://enr.electionsfl.org/BRE/3995/Precincts/58156/
BRE,Brevard,104,153,116,https://enr.electionsfl.org/BRE/3995/Precincts/58156/
BRE,Brevard,105,295,200,https://enr.electionsfl.org/BRE/3995/Precincts/58156/
BRE,Brevard,106,45,47,https://enr.electionsfl.org/BRE/3995/Precincts/58156/
BRE,Brevard,107,175,123,https://enr.electionsfl.org/BRE/3995/Precincts/58156/
BRE,Brevard,108,322,128,https://enr.electionsfl.org/BRE/3995/Precincts/58156/
BRE,Brevard,109,270,225,https://enr.electionsfl.org/BRE/3995/Precincts/58156/
BRE,Brevard,111,177,120,https://enr.electionsfl.org/BRE/3995/Precincts/58156/
BRE,Brevard,112,93,113,https://enr.electionsfl.org/BRE/3995/Precincts/58156/
BRE,Brevard,113,288,228,https://enr.electionsfl.org/BRE/3995/Precincts/58156/
BRE,Brevard,114,302,222,https://enr.electionsfl.org/BRE/3995/Precincts/58156/
BRE,Brevard,115,156,126,https://enr.electionsfl.org/BRE/3995/Precincts/58156/
BRE,Brevard,116,77,84,https://enr.electionsfl.org/BRE/3995/Precincts/58156/
BRE,Brevard,120,204,102,https://enr.electionsfl.org/BRE/3995/Precincts/58156/
BRE,Brevard,121,88,72,https://enr.electionsfl.org/BRE/3995/Precincts/58156/
BRE,Brevard,122,239,160,https://enr.electionsfl.org/BRE/3995/Precincts/58156/
BRE,Brevard,125,147,111,https://enr.electionsfl.org/BRE/3995/Precincts/58156/
BRE,Brevard,126,0,0,https://enr.electionsfl.org/BRE/3995/Precincts/58156/
BRE,Brevard,127,44,33,https://enr.electionsfl.org/BRE/3995/Precincts/58156/
BRE,Brevard,128,0,0,https://enr.electionsfl.org/BRE/3995/Precincts/58156/
BRE,Brevard,129,5,2,https://enr.electionsfl.org/BRE/3995/Precincts/58156/
BRE,Brevard,130,15,1,https://enr.electionsfl.org/BRE/3995/Precincts/58156/
BRE,Brevard,131,65,58,https://enr.electionsfl.org/BRE/3995/Precincts/58156/
BRE,Brevard,132,0,0,https://enr.electionsfl.org/BRE/3995/Precincts/58156/
BRE,Brevard,133,1,1,https://enr.electionsfl.org/BRE/3995/Precincts/58156/
BRE,Brevard,135,0,0,https://enr.electionsfl.org/BRE/3995/Precincts/58156/
BRE,Brevard,137,40,98,https://enr.electionsfl.org/BRE/3995/Precincts/58156/
BRE,Brevard,138,0,0,https://enr.electionsfl.org/BRE/3995/Precincts/58156/
BRE,Brevard,139,0,0,https://enr.electionsfl.org/BRE/3995/Precincts/58156/
BRE,Brevard,140,0,0,https://enr.electionsfl.org/BRE/3995/Precincts/58156/
BRE,Brevard,141,0,0,https://enr.electionsfl.org/BRE/3995/Precincts/58156/
BRE,Brevard,142,11,12,https://enr.electionsfl.org/BRE/3995/Precincts/58156/
BRE,Brevard,200,113,124,https://enr.electionsfl.org/BRE/3995/Precincts/58156/
BRE,Brevard,201,201,247,https://enr.electionsfl.org/BRE/3995/Precincts/58156/
BRE,Brevard,203,156,168,https://enr.electionsfl.org/BRE/3995/Precincts/58156/
BRE,Brevard,204,139,222,https://enr.electionsfl.org/BRE/3995/Precincts/58156/
BRE,Brevard,205,213,263,https://enr.electionsfl.org/BRE/3995/Precincts/58156/
BRE,Brevard,206,84,100,https://enr.electionsfl.org/BRE/3995/Precincts/58156/
BRE,Brevard,207,101,72,https://enr.electionsfl.org/BRE/3995/Precincts/58156/
BRE,Brevard,208,75,121,https://enr.electionsfl.org/BRE/3995/Precincts/58156/
BRE,Brevard,209,111,61,https://enr.electionsfl.org/BRE/3995/Precincts/58156/
BRE,Brevard,211,215,137,https://enr.electionsfl.org/BRE/3995/Precincts/58156/
BRE,Brevard,212,148,89,https://enr.electionsfl.org/BRE/3995/Precincts/58156/
BRE,Brevard,213,27,14,https://enr.electionsfl.org/BRE/3995/Precincts/58156/
BRE,Brevard,214,156,121,https://enr.electionsfl.org/BRE/3995/Precincts/58156/
BRE,Brevard,215,44,62,https://enr.electionsfl.org/BRE/3995/Precincts/58156/
BRE,Brevard,216,255,236,https://enr.electionsfl.org/BRE/3995/Precincts/58156/
BRE,Brevard,217,98,146,https://enr.electionsfl.org/BRE/3995/Precincts/58156/
BRE,Brevard,218,15,32,https://enr.electionsfl.org/BRE/3995/Precincts/58156/
BRE,Brevard,219,367,188,https://enr.electionsfl.org/BRE/3995/Precincts/58156/
BRE,Brevard,220,18,28,https://enr.electionsfl.org/BRE/3995/Precincts/58156/
BRE,Brevard,221,89,168,https://enr.electionsfl.org/BRE/3995/Precincts/58156/
BRE,Brevard,222,114,207,https://enr.electionsfl.org/BRE/3995/Precincts/58156/
BRE,Brevard,223,16,8,https://enr.electionsfl.org/BRE/3995/Precincts/58156/
BRE,Brevard,224,329,183,https://enr.electionsfl.org/BRE/3995/Precincts/58156/
BRE,Brevard,225,0,0,https://enr.electionsfl.org/BRE/3995/Precincts/58156/
BRE,Brevard,226,116,150,https://enr.electionsfl.org/BRE/3995/Precincts/58156/
BRE,Brevard,227,7,16,https://enr.electionsfl.org/BRE/3995/Precincts/58156/
BRE,Brevard,228,69,29,https://enr.electionsfl.org/BRE/3995/Precincts/58156/
BRE,Brevard,229,5,21,https://enr.electionsfl.org/BRE/3995/Precincts/58156/
BRE,Brevard,230,2,0,https://enr.electionsfl.org/BRE/3995/Precincts/58156/
BRE,Brevard,231,69,32,https://enr.electionsfl.org/BRE/3995/Precincts/58156/
BRE,Brevard,233,131,15,https://enr.electionsfl.org/BRE/3995/Precincts/58156/
BRE,Brevard,235,84,103,https://enr.electionsfl.org/BRE/3995/Precincts/58156/
BRE,Brevard,236,16,38,https://enr.electionsfl.org/BRE/3995/Precincts/58156/
BRE,Brevard,237,35,40,https://enr.electionsfl.org/BRE/3995/Precincts/58156/
BRE,Brevard,240,34,50,https://enr.electionsfl.org/BRE/3995/Precincts/58156/
BRE,Brevard,241,0,0,https://enr.electionsfl.org/BRE/3995/Precincts/58156/
BRE,Brevard,242,291,233,https://enr.electionsfl.org/BRE/3995/Precincts/58156/
BRE,Brevard,243,14,17,https://enr.electionsfl.org/BRE/3995/Precincts/58156/
BRE,Brevard,244,0,0,https://enr.electionsfl.org/BRE/3995/Precincts/58156/
BRE,Brevard,300,135,53,https://enr.electionsfl.org/BRE/3995/Precincts/58156/
BRE,Brevard,301,8,12,https://enr.electionsfl.org/BRE/3995/Precincts/58156/
BRE,Brevard,302,115,148,https://enr.electionsfl.org/BRE/3995/Precincts/58156/
BRE,Brevard,303,248,197,https://enr.electionsfl.org/BRE/3995/Precincts/58156/
BRE,Brevard,304,155,205,https://enr.electionsfl.org/BRE/3995/Precincts/58156/
BRE,Brevard,305,70,150,https://enr.electionsfl.org/BRE/3995/Precincts/58156/
BRE,Brevard,306,128,51,https://enr.electionsfl.org/BRE/3995/Precincts/58156/
BRE,Brevard,307,48,65,https://enr.electionsfl.org/BRE/3995/Precincts/58156/
BRE,Brevard,308,143,153,https://enr.electionsfl.org/BRE/3995/Precincts/58156/
BRE,Brevard,309,471,442,https://enr.electionsfl.org/BRE/3995/Precincts/58156/
BRE,Brevard,310,87,113,https://enr.electionsfl.org/BRE/3995/Precincts/58156/
BRE,Brevard,311,67,134,https://enr.electionsfl.org/BRE/3995/Precincts/58156/
BRE,Brevard,312,80,117,https://enr.electionsfl.org/BRE/3995/Precincts/58156/
BRE,Brevard,313,502,368,https://enr.electionsfl.org/BRE/3995/Precincts/58156/
BRE,Brevard,314,469,351,https://enr.electionsfl.org/BRE/3995/Precincts/58156/
BRE,Brevard,316,255,127,https://enr.electionsfl.org/BRE/3995/Precincts/58156/
BRE,Brevard,317,296,258,https://enr.electionsfl.org/BRE/3995/Precincts/58156/
BRE,Brevard,318,76,178,https://enr.electionsfl.org/BRE/3995/Precincts/58156/
BRE,Brevard,320,41,18,https://enr.electionsfl.org/BRE/3995/Precincts/58156/
BRE,Brevard,322,339,209,https://enr.electionsfl.org/BRE/3995/Precincts/58156/
BRE,Brevard,323,38,54,https://enr.electionsfl.org/BRE/3995/Precincts/58156/
BRE,Brevard,324,34,49,https://enr.electionsfl.org/BRE/3995/Precincts/58156/
BRE,Brevard,325,12,16,https://enr.electionsfl.org/BRE/3995/Precincts/58156/
BRE,Brevard,326,13,19,https://enr.electionsfl.org/BRE/3995/Precincts/58156/
BRE,Brevard,327,21,22,https://enr.electionsfl.org/BRE/3995/Precincts/58156/
BRE,Brevard,328,10,28,https://enr.electionsfl.org/BRE/3995/Precincts/58156/
BRE,Brevard,329,9,12,https://enr.electionsfl.org/BRE/3995/Precincts/58156/
BRE,Brevard,400,159,145,https://enr.electionsfl.org/BRE/3995/Precincts/58156/
BRE,Brevard,402,161,134,https://enr.electionsfl.org/BRE/3995/Precincts/58156/
BRE,Brevard,403,60,31,https://enr.electionsfl.org/BRE/3995/Precincts/58156/
BRE,Brevard,404,165,257,https://enr.electionsfl.org/BRE/3995/Precincts/58156/
BRE,Brevard,405,153,255,https://enr.electionsfl.org/BRE/3995/Precincts/58156/
BRE,Brevard,406,200,289,https://enr.electionsfl.org/BRE/3995/Precincts/58156/
BRE,Brevard,407,10,6,https://enr.electionsfl.org/BRE/3995/Precincts/58156/
BRE,Brevard,408,56,53,https://enr.electionsfl.org/BRE/3995/Precincts/58156/
BRE,Brevard,409,162,272,https://enr.electionsfl.org/BRE/3995/Precincts/58156/
BRE,Brevard,410,21,32,https://enr.electionsfl.org/BRE/3995/Precincts/58156/
BRE,Brevard,411,40,53,https://enr.electionsfl.org/BRE/3995/Precincts/58156/
BRE,Brevard,412,11,6,https://enr.electionsfl.org/BRE/3995/Precincts/58156/
BRE,Brevard,414,204,160,https://enr.electionsfl.org/BRE/3995/Precincts/58156/
BRE,Brevard,415,108,122,https://enr.electionsfl.org/BRE/3995/Precincts/58156/
BRE,Brevard,418,91,116,https://enr.electionsfl.org/BRE/3995/Precincts/58156/
BRE,Brevard,419,85,123,https://enr.electionsfl.org/BRE/3995/Precincts/58156/
BRE,Brevard,420,113,147,https://enr.electionsfl.org/BRE/3995/Precincts/58156/
BRE,Brevard,421,101,217,https://enr.electionsfl.org/BRE/3995/Precincts/58156/
BRE,Brevard,422,207,222,https://enr.electionsfl.org/BRE/3995/Precincts/58156/
BRE,Brevard,424,175,137,https://enr.electionsfl.org/BRE/3995/Precincts/58156/
BRE,Brevard,425,19,58,https://enr.electionsfl.org/BRE/3995/Precincts/58156/
BRE,Brevard,426,57,84,https://enr.electionsfl.org/BRE/3995/Precincts/58156/
BRE,Brevard,427,207,211,https://enr.electionsfl.org/BRE/3995/Precincts/58156/
BRE,Brevard,428,147,242,https://enr.electionsfl.org/BRE/3995/Precincts/58156/
BRE,Brevard,429,115,234,https://enr.electionsfl.org/BRE/3995/Precincts/58156/
BRE,Brevard,430,21,40,https://enr.electionsfl.org/BRE/3995/Precincts/58156/
BRE,Brevard,431,54,55,https://enr.electionsfl.org/BRE/3995/Precincts/58156/
BRE,Brevard,432,4,7,https://enr.electionsfl.org/BRE/3995/Precincts/58156/
BRE,Brevard,434,0,0,https://enr.electionsfl.org/BRE/3995/Precincts/58156/
BRE,Brevard,435,4,5,https://enr.electionsfl.org/BRE/3995/Precincts/58156/
BRE,Brevard,436,0,0,https://enr.electionsfl.org/BRE/3995/Precincts/58156/
BRE,Brevard,437,17,25,https://enr.electionsfl.org/BRE/3995/Precincts/58156/
BRE,Brevard,440,8,8,https://enr.electionsfl.org/BRE/3995/Precincts/58156/
BRE,Brevard,441,314,401,https://enr.electionsfl.org/BRE/3995/Precincts/58156/
BRE,Brevard,442,5,2,https://enr.electionsfl.org/BRE/3995/Precincts/58156/
BRE,Brevard,443,0,0,https://enr.electionsfl.org/BRE/3995/Precincts/58156/
BRE,Brevard,444,7,17,https://enr.electionsfl.org/BRE/3995/Precincts/58156/
BRE,Brevard,500,76,50,https://enr.electionsfl.org/BRE/3995/Precincts/58156/
BRE,Brevard,501,37,48,https://enr.electionsfl.org/BRE/3995/Precincts/58156/
BRE,Brevard,502,192,176,https://enr.electionsfl.org/BRE/3995/Precincts/58156/
BRE,Brevard,504,26,30,https://enr.electionsfl.org/BRE/3995/Precincts/58156/
BRE,Brevard,505,101,166,https://enr.electionsfl.org/BRE/3995/Precincts/58156/
BRE,Brevard,506,89,128,https://enr.electionsfl.org/BRE/3995/Precincts/58156/
BRE,Brevard,507,193,117,https://enr.electionsfl.org/BRE/3995/Precincts/58156/
BRE,Brevard,508,60,80,https://enr.electionsfl.org/BRE/3995/Precincts/58156/
BRE,Brevard,509,40,17,https://enr.electionsfl.org/BRE/3995/Precincts/58156/
BRE,Brevard,510,404,334,https://enr.electionsfl.org/BRE/3995/Precincts/58156/
BRE,Brevard,511,65,85,https://enr.electionsfl.org/BRE/3995/Precincts/58156/
BRE,Brevard,512,85,106,https://enr.electionsfl.org/BRE/3995/Precincts/58156/
BRE,Brevard,513,14,27,https://enr.electionsfl.org/BRE/3995/Precincts/58156/
BRE,Brevard,515,109,131,https://enr.electionsfl.org/BRE/3995/Precincts/58156/
BRE,Brevard,516,633,369,https://enr.electionsfl.org/BRE/3995/Precincts/58156/
BRE,Brevard,517,337,211,https://enr.electionsfl.org/BRE/3995/Precincts/58156/
BRE,Brevard,518,129,107,https://enr.electionsfl.org/BRE/3995/Precincts/58156/
BRE,Brevard,519,738,394,https://enr.electionsfl.org/BRE/3995/Precincts/58156/
BRE,Brevard,520,275,208,https://enr.electionsfl.org/BRE/3995/Precincts/58156/
BRE,Brevard,522,16,7,https://enr.electionsfl.org/BRE/3995/Precincts/58156/
BRE,Brevard,523,36,46,https://enr.electionsfl.org/BRE/3995/Precincts/58156/
BRE,Brevard,525,240,221,https://enr.electionsfl.org/BRE/3995/Precincts/58156/
BRE,Brevard,527,54,54,https://enr.electionsfl.org/BRE/3995/Precincts/58156/
BRE,Brevard,528,48,49,https://enr.electionsfl.org/BRE/3995/Precincts/58156/
BRE,Brevard,531,0,0,https://enr.electionsfl.org/BRE/3995/Precincts/58156/
BRE,Brevard,532,22,25,https://enr.electionsfl.org/BRE/3995/Precincts/58156/
BRE,Brevard,533,18,4,https://enr.electionsfl.org/BRE/3995/Precincts/58156/
BRE,Brevard,534,40,37,https://enr.electionsfl.org/BRE/3995/Precincts/58156/
BRE,Brevard,999,19,13,https://enr.electionsfl.org/BRE/3995/Precincts/58156/
CAL,Calhoun,Altha Old Gym - 201,34,19,https://enr.electionsfl.org/CAL/3984/Precincts/58523/
CAL,Calhoun,Carr-Clarksville VFD - 302,16,10,https://enr.electionsfl.org/CAL/3984/Precincts/58523/
CAL,Calhoun,Carr-Clarksville VFD - 502,8,6,https://enr.electionsfl.org/CAL/3984/Precincts/58523/
CAL,Calhoun,Kinard Public Library - 503,14,5,https://enr.electionsfl.org/CAL/3984/Precincts/58523/
CAL,Calhoun,Neal Civic Center - 101,13,7,https://enr.electionsfl.org/CAL/3984/Precincts/58523/
CAL,Calhoun,Neal Civic Center - 101C,29,12,https://enr.electionsfl.org/CAL/3984/Precincts/58523/
CAL,Calhoun,Neal Civic Center - 202,52,19,https://enr.electionsfl.org/CAL/3984/Precincts/58523/
CAL,Calhoun,Neal Civic Center - 501,15,15,https://enr.electionsfl.org/CAL/3984/Precincts/58523/
CAL,Calhoun,Neal Civic Center - 501C,21,14,https://enr.electionsfl.org/CAL/3984/Precincts/58523/
CAL,Calhoun,Scout House - 401,21,5,https://enr.electionsfl.org/CAL/3984/Precincts/58523/
CAL,Calhoun,Scout House - 401C,121,21,https://enr.electionsfl.org/CAL/3984/Precincts/58523/
CAL,Calhoun,Shelton Park Library - 301,35,20,https://enr.electionsfl.org/CAL/3984/Precincts/58523/
CAL,Calhoun,Westside VFD - 102,26,9,https://enr.electionsfl.org/CAL/3984/Precincts/58523/
CHA,Charlotte,101 - Harold Ave Regional Park,147,156,https://enr.electionsfl.org/CHA/4016/Precincts/58615/
CHA,Charlotte,102 - Moose Lodge,153,230,https://enr.electionsfl.org/CHA/4016/Precincts/58615/
CHA,Charlotte,103 - Holy Trinity Greek Orthodox Church,233,364,https://enr.electionsfl.org/CHA/4016/Precincts/58615/
CHA,Charlotte,104 - Deep Creek Elementary School,225,356,https://enr.electionsfl.org/CHA/4016/Precincts/58615/
CHA,Charlotte,105 - East Elementary School,61,92,https://enr.electionsfl.org/CHA/4016/Precincts/58615/
CHA,Charlotte,106 - Babcock Ranch Field House,197,322,https://enr.electionsfl.org/CHA/4016/Precincts/58615/
CHA,Charlotte,201 - Charlotte Harbor Event & Conference Center,124,191,https://enr.electionsfl.org/CHA/4016/Precincts/58615/
CHA,Charlotte,202 - Isles Yacht Club,60,251,https://enr.electionsfl.org/CHA/4016/Precincts/58615/
CHA,Charlotte,203 - Congregational United Church of Christ,46,146,https://enr.electionsfl.org/CHA/4016/Precincts/58615/
CHA,Charlotte,204 - Burnt Store Presbyterian Church,81,212,https://enr.electionsfl.org/CHA/4016/Precincts/58615/
CHA,Charlotte,205 - Burnt Store Presbyterian Church,94,135,https://enr.electionsfl.org/CHA/4016/Precincts/58615/
CHA,Charlotte,206 - East Elementary School,112,213,https://enr.electionsfl.org/CHA/4016/Precincts/58615/
CHA,Charlotte,207 - South Punta Gorda Heights Civic Association,105,125,https://enr.electionsfl.org/CHA/4016/Precincts/58615/
CHA,Charlotte,301 - Mac V. Horton West County Annex,179,325,https://enr.electionsfl.org/CHA/4016/Precincts/58615/
CHA,Charlotte,302 - L.A. Ainger Middle School,117,149,https://enr.electionsfl.org/CHA/4016/Precincts/58615/
CHA,Charlotte,303 - Tringali Community Center,76,85,https://enr.electionsfl.org/CHA/4016/Precincts/58615/
CHA,Charlotte,304 - Tringali Community Center,48,61,https://enr.electionsfl.org/CHA/4016/Precincts/58615/
CHA,Charlotte,305 - American Legion Post 113,96,216,https://enr.electionsfl.org/CHA/4016/Precincts/58615/
CHA,Charlotte,306 - Rotonda West Association,144,345,https://enr.electionsfl.org/CHA/4016/Precincts/58615/
CHA,Charlotte,307 - Myakka River Elementary,57,119,https://enr.electionsfl.org/CHA/4016/Precincts/58615/
CHA,Charlotte,308 - Rotonda West Association,57,123,https://enr.electionsfl.org/CHA/4016/Precincts/58615/
CHA,Charlotte,401 - L.A. Ainger Middle School,48,100,https://enr.electionsfl.org/CHA/4016/Precincts/58615/
CHA,Charlotte,402 - Myakka River Elementary,143,186,https://enr.electionsfl.org/CHA/4016/Precincts/58615/
CHA,Charlotte,403 - Centennial Park Recreational Center,105,205,https://enr.electionsfl.org/CHA/4016/Precincts/58615/
CHA,Charlotte,404 - Centennial Park Recreational Center,144,154,https://enr.electionsfl.org/CHA/4016/Precincts/58615/
CHA,Charlotte,405 - Murdock Middle School,78,103,https://enr.electionsfl.org/CHA/4016/Precincts/58615/
CHA,Charlotte,406 - Murdock Baptist Church,137,113,https://enr.electionsfl.org/CHA/4016/Precincts/58615/
CHA,Charlotte,407 - Meadow Park Elementary School,142,152,https://enr.electionsfl.org/CHA/4016/Precincts/58615/
CHA,Charlotte,408 - Mid-County Regional Library,106,102,https://enr.electionsfl.org/CHA/4016/Precincts/58615/
CHA,Charlotte,501 - Liberty Elementary School,223,322,https://enr.electionsfl.org/CHA/4016/Precincts/58615/
CHA,Charlotte,502 - Neil Armstrong Elementary School,176,174,https://enr.electionsfl.org/CHA/4016/Precincts/58615/
CHA,Charlotte,503 - Port Charlotte Middle School,166,210,https://enr.electionsfl.org/CHA/4016/Precincts/58615/
CHA,Charlotte,504 - Mid-County Regional Library,61,77,https://enr.electionsfl.org/CHA/4016/Precincts/58615/
CHA,Charlotte,505 - Peace River Elementary School,152,173,https://enr.electionsfl.org/CHA/4016/Precincts/58615/
CIT,Citrus,100 - Red Level Baptist Church,56,79,https://enr.electionsfl.org/CIT/3991/Precincts/57863/
CIT,Citrus,101 - C.R. Community Church,75,99,https://enr.electionsfl.org/CIT/3991/Precincts/57863/
CIT,Citrus,102 - Springs Presbyterian Church,52,42,https://enr.electionsfl.org/CIT/3991/Precincts/57863/
CIT,Citrus,103 - Citrus Springs Church of God,94,76,https://enr.electionsfl.org/CIT/3991/Precincts/57863/
CIT,Citrus,104 - 1st Baptist Church of C.R.,39,68,https://enr.electionsfl.org/CIT/3991/Precincts/57863/
CIT,Citrus,105 - C.R. Church of God,64,59,https://enr.electionsfl.org/CIT/3991/Precincts/57863/
CIT,Citrus,107 - Crystal Oaks Clubhouse,82,127,https://enr.electionsfl.org/CIT/3991/Precincts/57863/
CIT,Citrus,108 - 1st Baptist Church of B.H.,118,170,https://enr.electionsfl.org/CIT/3991/Precincts/57863/
CIT,Citrus,109 - Pine Ridge Comm Bldg,105,187,https://enr.electionsfl.org/CIT/3991/Precincts/57863/
CIT,Citrus,110 - Citrus Springs Comm Center,207,209,https://enr.electionsfl.org/CIT/3991/Precincts/57863/
CIT,Citrus,200 - Quail Run Comm Bldg,81,104,https://enr.electionsfl.org/CIT/3991/Precincts/57863/
CIT,Citrus,201 - Hernando Methodist Church,95,125,https://enr.electionsfl.org/CIT/3991/Precincts/57863/
CIT,Citrus,203 - Central Ridge Library,124,146,https://enr.electionsfl.org/CIT/3991/Precincts/57863/
CIT,Citrus,204 - Knights of Columbus,119,236,https://enr.electionsfl.org/CIT/3991/Precincts/57863/
CIT,Citrus,205 - Central Ridge Comm Center,59,54,https://enr.electionsfl.org/CIT/3991/Precincts/57863/
CIT,Citrus,206 - Our Lady of Grace Church,85,60,https://enr.electionsfl.org/CIT/3991/Precincts/57863/
CIT,Citrus,208 - Good Shephard Lutheran Church,51,89,https://enr.electionsfl.org/CIT/3991/Precincts/57863/
CIT,Citrus,209 - Art Center of Citrus County,191,327,https://enr.electionsfl.org/CIT/3991/Precincts/57863/
CIT,Citrus,300 - College of Central Florida,61,91,https://enr.electionsfl.org/CIT/3991/Precincts/57863/
CIT,Citrus,301 - St. Benedict Cathloic Church,147,175,https://enr.electionsfl.org/CIT/3991/Precincts/57863/
CIT,Citrus,302 - Friends of Citrus,116,165,https://enr.electionsfl.org/CIT/3991/Precincts/57863/
CIT,Citrus,305 - Christian Center Church,114,148,https://enr.electionsfl.org/CIT/3991/Precincts/57863/
CIT,Citrus,307 - Homosassa Methodist Church,308,492,https://enr.electionsfl.org/CIT/3991/Precincts/57863/
CIT,Citrus,400 - 1st Baptist Church of Inv,53,78,https://enr.electionsfl.org/CIT/3991/Precincts/57863/
CIT,Citrus,402 - Church of the Nazarene,162,120,https://enr.electionsfl.org/CIT/3991/Precincts/57863/
CIT,Citrus,403 - Inverness Government Center,222,206,https://enr.electionsfl.org/CIT/3991/Precincts/57863/
CIT,Citrus,404 - TOOFAR at Point O' Woods,95,101,https://enr.electionsfl.org/CIT/3991/Precincts/57863/
CIT,Citrus,405 - Citrus County Auditorium,207,263,https://enr.electionsfl.org/CIT/3991/Precincts/57863/
CIT,Citrus,406 - Redemption Point AG,116,84,https://enr.electionsfl.org/CIT/3991/Precincts/57863/
CIT,Citrus,407 - Floral City Methodist Church,59,88,https://enr.electionsfl.org/CIT/3991/Precincts/57863/
CIT,Citrus,408 - Floral City Lions Club,72,99,https://enr.electionsfl.org/CIT/3991/Precincts/57863/
CLA,Clay,100 - Clay Hill Baptist Church,34,21,https://enr.electionsfl.org/CLA/3990/Precincts/58421/
CLA,Clay,102 - VFW Post #8255,65,25,https://enr.electionsfl.org/CLA/3990/Precincts/58421/
CLA,Clay,106 - Cornerstone Bapt Church,48,32,https://enr.electionsfl.org/CLA/3990/Precincts/58421/
CLA,Clay,110 - Middleburg Civic Center,119,73,https://enr.electionsfl.org/CLA/3990/Precincts/58421/
CLA,Clay,112 - Clay County Utility Authority,303,76,https://enr.electionsfl.org/CLA/3990/Precincts/58421/
CLA,Clay,113 - Oakleaf Baptist Church,782,211,https://enr.electionsfl.org/CLA/3990/Precincts/58421/
CLA,Clay,115 - Oakleaf Plant Athletic Center,339,79,https://enr.electionsfl.org/CLA/3990/Precincts/58421/
CLA,Clay,116 - Argyle Elementary School,332,87,https://enr.electionsfl.org/CLA/3990/Precincts/58421/
CLA,Clay,118 - Asbury United Method Church,164,45,https://enr.electionsfl.org/CLA/3990/Precincts/58421/
CLA,Clay,122 - Advent Lutheran Church,138,66,https://enr.electionsfl.org/CLA/3990/Precincts/58421/
CLA,Clay,124 - Advent Lutheran Church,96,64,https://enr.electionsfl.org/CLA/3990/Precincts/58421/
CLA,Clay,128 - Calvary Methodist Church,69,16,https://enr.electionsfl.org/CLA/3990/Precincts/58421/
CLA,Clay,202 - P.A.L. Building,106,44,https://enr.electionsfl.org/CLA/3990/Precincts/58421/
CLA,Clay,204 - Outreach of America,81,49,https://enr.electionsfl.org/CLA/3990/Precincts/58421/
CLA,Clay,206 - Orange Park Town Hall,69,39,https://enr.electionsfl.org/CLA/3990/Precincts/58421/
CLA,Clay,208 - Club Continental,45,39,https://enr.electionsfl.org/CLA/3990/Precincts/58421/
CLA,Clay,210 - Orange Park Library,152,78,https://enr.electionsfl.org/CLA/3990/Precincts/58421/
CLA,Clay,216 - Lakeside Church of Christ,115,83,https://enr.electionsfl.org/CLA/3990/Precincts/58421/
CLA,Clay,218 - Orange Park Christian Church,117,66,https://enr.electionsfl.org/CLA/3990/Precincts/58421/
CLA,Clay,302 - Thrasher-Horne Conf Center,91,43,https://enr.electionsfl.org/CLA/3990/Precincts/58421/
CLA,Clay,304 - Clay County Salvation Army,157,63,https://enr.electionsfl.org/CLA/3990/Precincts/58421/
CLA,Clay,308 - Frat Order of Police #104,89,42,https://enr.electionsfl.org/CLA/3990/Precincts/58421/
CLA,Clay,310 - Clay County Shrine Club,166,80,https://enr.electionsfl.org/CLA/3990/Precincts/58421/
CLA,Clay,400 - Orange Cove 7th Day Adv,58,73,https://enr.electionsfl.org/CLA/3990/Precincts/58421/
CLA,Clay,406 - Eagle Harbor Soccer Club,82,62,https://enr.electionsfl.org/CLA/3990/Precincts/58421/
CLA,Clay,408 - Crossroad Lutheran Church,100,108,https://enr.electionsfl.org/CLA/3990/Precincts/58421/
CLA,Clay,410 - Fleming Island Splsh Pk,273,150,https://enr.electionsfl.org/CLA/3990/Precincts/58421/
CLA,Clay,412 - River Christian Church,101,63,https://enr.electionsfl.org/CLA/3990/Precincts/58421/
CLA,Clay,414 - Hibernia Baptist Church,84,72,https://enr.electionsfl.org/CLA/3990/Precincts/58421/
CLA,Clay,500 - Pinewood Presb Church,109,35,https://enr.electionsfl.org/CLA/3990/Precincts/58421/
CLA,Clay,503 - First Baptist Church of MB,44,25,https://enr.electionsfl.org/CLA/3990/Precincts/58421/
CLA,Clay,504 - Lake Asbury Comm Center,43,21,https://enr.electionsfl.org/CLA/3990/Precincts/58421/
CLA,Clay,506 - Black Creek Chur of Christ,22,16,https://enr.electionsfl.org/CLA/3990/Precincts/58421/
CLA,Clay,508 - South Middleburg Bapt Church,58,42,https://enr.electionsfl.org/CLA/3990/Precincts/58421/
CLA,Clay,600 - Russell Baptist Church,239,99,https://enr.electionsfl.org/CLA/3990/Precincts/58421/
CLA,Clay,601 - Clay County Ag Center,6,7,https://enr.electionsfl.org/CLA/3990/Precincts/58421/
CLA,Clay,602 - GCS City Hall,21,14,https://enr.electionsfl.org/CLA/3990/Precincts/58421/
CLA,Clay,604 - GCS City Hall,67,60,https://enr.electionsfl.org/CLA/3990/Precincts/58421/
CLA,Clay,606 - First Presbyterian Church,206,166,https://enr.electionsfl.org/CLA/3990/Precincts/58421/
CLA,Clay,608 - GCS Church of Christ,56,31,https://enr.electionsfl.org/CLA/3990/Precincts/58421/
CLA,Clay,610 - Shiloh Baptist Church,13,10,https://enr.electionsfl.org/CLA/3990/Precincts/58421/
CLA,Clay,612 - Shiloh Baptist Church,7,8,https://enr.electionsfl.org/CLA/3990/Precincts/58421/
CLA,Clay,700 - Kingsley Lake Civic Center,4,9,https://enr.electionsfl.org/CLA/3990/Precincts/58421/
CLA,Clay,702 - Keystone Heights City Hall,54,54,https://enr.electionsfl.org/CLA/3990/Precincts/58421/
CLA,Clay,704 - First Bapt Church of KH,41,28,https://enr.electionsfl.org/CLA/3990/Precincts/58421/
CLA,Clay,706 - Freedom Baptist Church,63,54,https://enr.electionsfl.org/CLA/3990/Precincts/58421/
CLA,Clay,708 - Gadara Baptist Church,31,22,https://enr.electionsfl.org/CLA/3990/Precincts/58421/
CLA,Clay,710 - Penney Farms Town Hall,57,43,https://enr.electionsfl.org/CLA/3990/Precincts/58421/
CLL,Collier,PCT101,117,178,https://enr.electionsfl.org/CLL/4039/Precincts/59259/
CLL,Collier,PCT102,2,2,https://enr.electionsfl.org/CLL/4039/Precincts/59259/
CLL,Collier,PCT103,82,118,https://enr.electionsfl.org/CLL/4039/Precincts/59259/
CLL,Collier,PCT132,122,191,https://enr.electionsfl.org/CLL/4039/Precincts/59259/
CLL,Collier,PCT141,65,161,https://enr.electionsfl.org/CLL/4039/Precincts/59259/
CLL,Collier,PCT142,25,65,https://enr.electionsfl.org/CLL/4039/Precincts/59259/
CLL,Collier,PCT144,87,169,https://enr.electionsfl.org/CLL/4039/Precincts/59259/
CLL,Collier,PCT145,79,226,https://enr.electionsfl.org/CLL/4039/Precincts/59259/
CLL,Collier,PCT150,66,160,https://enr.electionsfl.org/CLL/4039/Precincts/59259/
CLL,Collier,PCT155,86,250,https://enr.electionsfl.org/CLL/4039/Precincts/59259/
CLL,Collier,PCT156,177,142,https://enr.electionsfl.org/CLL/4039/Precincts/59259/
CLL,Collier,PCT159,20,114,https://enr.electionsfl.org/CLL/4039/Precincts/59259/
CLL,Collier,PCT189,7,6,https://enr.electionsfl.org/CLL/4039/Precincts/59259/
CLL,Collier,PCT190,70,139,https://enr.electionsfl.org/CLL/4039/Precincts/59259/
CLL,Collier,PCT193,64,144,https://enr.electionsfl.org/CLL/4039/Precincts/59259/
CLL,Collier,PCT194,54,143,https://enr.electionsfl.org/CLL/4039/Precincts/59259/
CLL,Collier,PCT202,119,170,https://enr.electionsfl.org/CLL/4039/Precincts/59259/
CLL,Collier,PCT203,122,157,https://enr.electionsfl.org/CLL/4039/Precincts/59259/
CLL,Collier,PCT204,64,191,https://enr.electionsfl.org/CLL/4039/Precincts/59259/
CLL,Collier,PCT205,69,199,https://enr.electionsfl.org/CLL/4039/Precincts/59259/
CLL,Collier,PCT221,98,260,https://enr.electionsfl.org/CLL/4039/Precincts/59259/
CLL,Collier,PCT222,63,222,https://enr.electionsfl.org/CLL/4039/Precincts/59259/
CLL,Collier,PCT223,85,172,https://enr.electionsfl.org/CLL/4039/Precincts/59259/
CLL,Collier,PCT242,72,233,https://enr.electionsfl.org/CLL/4039/Precincts/59259/
CLL,Collier,PCT251,79,194,https://enr.electionsfl.org/CLL/4039/Precincts/59259/
CLL,Collier,PCT252,28,121,https://enr.electionsfl.org/CLL/4039/Precincts/59259/
CLL,Collier,PCT255,48,377,https://enr.electionsfl.org/CLL/4039/Precincts/59259/
CLL,Collier,PCT257,41,138,https://enr.electionsfl.org/CLL/4039/Precincts/59259/
CLL,Collier,PCT258,88,153,https://enr.electionsfl.org/CLL/4039/Precincts/59259/
CLL,Collier,PCT303,86,184,https://enr.electionsfl.org/CLL/4039/Precincts/59259/
CLL,Collier,PCT304,61,157,https://enr.electionsfl.org/CLL/4039/Precincts/59259/
CLL,Collier,PCT305,54,110,https://enr.electionsfl.org/CLL/4039/Precincts/59259/
CLL,Collier,PCT310,72,147,https://enr.electionsfl.org/CLL/4039/Precincts/59259/
CLL,Collier,PCT313,108,96,https://enr.electionsfl.org/CLL/4039/Precincts/59259/
CLL,Collier,PCT315,47,190,https://enr.electionsfl.org/CLL/4039/Precincts/59259/
CLL,Collier,PCT317,50,167,https://enr.electionsfl.org/CLL/4039/Precincts/59259/
CLL,Collier,PCT322,57,95,https://enr.electionsfl.org/CLL/4039/Precincts/59259/
CLL,Collier,PCT323,214,106,https://enr.electionsfl.org/CLL/4039/Precincts/59259/
CLL,Collier,PCT324,213,119,https://enr.electionsfl.org/CLL/4039/Precincts/59259/
CLL,Collier,PCT350,26,39,https://enr.electionsfl.org/CLL/4039/Precincts/59259/
CLL,Collier,PCT351,78,146,https://enr.electionsfl.org/CLL/4039/Precincts/59259/
CLL,Collier,PCT414,70,175,https://enr.electionsfl.org/CLL/4039/Precincts/59259/
CLL,Collier,PCT418,110,176,https://enr.electionsfl.org/CLL/4039/Precincts/59259/
CLL,Collier,PCT428,81,94,https://enr.electionsfl.org/CLL/4039/Precincts/59259/
CLL,Collier,PCT430,83,93,https://enr.electionsfl.org/CLL/4039/Precincts/59259/
CLL,Collier,PCT431,62,96,https://enr.electionsfl.org/CLL/4039/Precincts/59259/
CLL,Collier,PCT434,143,204,https://enr.electionsfl.org/CLL/4039/Precincts/59259/
CLL,Collier,PCT435,143,217,https://enr.electionsfl.org/CLL/4039/Precincts/59259/
CLL,Collier,PCT438,47,117,https://enr.electionsfl.org/CLL/4039/Precincts/59259/
CLL,Collier,PCT439,78,137,https://enr.electionsfl.org/CLL/4039/Precincts/59259/
CLL,Collier,PCT440,97,186,https://enr.electionsfl.org/CLL/4039/Precincts/59259/
CLL,Collier,PCT450,4,6,https://enr.electionsfl.org/CLL/4039/Precincts/59259/
CLL,Collier,PCT462,29,128,https://enr.electionsfl.org/CLL/4039/Precincts/59259/
CLL,Collier,PCT464,44,147,https://enr.electionsfl.org/CLL/4039/Precincts/59259/
CLL,Collier,PCT472,19,27,https://enr.electionsfl.org/CLL/4039/Precincts/59259/
CLL,Collier,PCT475,17,26,https://enr.electionsfl.org/CLL/4039/Precincts/59259/
CLL,Collier,PCT477,30,119,https://enr.electionsfl.org/CLL/4039/Precincts/59259/
CLL,Collier,PCT479,42,80,https://enr.electionsfl.org/CLL/4039/Precincts/59259/
CLL,Collier,PCT502,9,21,https://enr.electionsfl.org/CLL/4039/Precincts/59259/
CLL,Collier,PCT552,140,103,https://enr.electionsfl.org/CLL/4039/Precincts/59259/
CLL,Collier,PCT554,114,87,https://enr.electionsfl.org/CLL/4039/Precincts/59259/
CLL,Collier,PCT590,118,77,https://enr.electionsfl.org/CLL/4039/Precincts/59259/
CLL,Collier,PCT591,112,98,https://enr.electionsfl.org/CLL/4039/Precincts/59259/
CLL,Collier,PCT592,125,134,https://enr.electionsfl.org/CLL/4039/Precincts/59259/
CLL,Collier,PCT593,89,67,https://enr.electionsfl.org/CLL/4039/Precincts/59259/
CLL,Collier,PCT594,358,118,https://enr.electionsfl.org/CLL/4039/Precincts/59259/
CLL,Collier,PCT595,90,108,https://enr.electionsfl.org/CLL/4039/Precincts/59259/
CLM,Columbia,110.0 Richardson,293,45,https://enr.electionsfl.org/CLM/4020/Precincts/59216/
CLM,Columbia,112.0 SOE Office,96,18,https://enr.electionsfl.org/CLM/4020/Precincts/59216/
CLM,Columbia,132.0 SOE Office,0,0,https://enr.electionsfl.org/CLM/4020/Precincts/59216/
CLM,Columbia,15.0 Deep Creek,37,14,https://enr.electionsfl.org/CLM/4020/Precincts/59216/
CLM,Columbia,16.0 Winfield,147,59,https://enr.electionsfl.org/CLM/4020/Precincts/59216/
CLM,Columbia,17.0 Richardson,93,31,https://enr.electionsfl.org/CLM/4020/Precincts/59216/
CLM,Columbia,18.0 Winfield,12,1,https://enr.electionsfl.org/CLM/4020/Precincts/59216/
CLM,Columbia,19.0 Watertown,16,5,https://enr.electionsfl.org/CLM/4020/Precincts/59216/
CLM,Columbia,21.0 Westside,62,25,https://enr.electionsfl.org/CLM/4020/Precincts/59216/
CLM,Columbia,22.0 Fort White,190,122,https://enr.electionsfl.org/CLM/4020/Precincts/59216/
CLM,Columbia,23.0 Columbia City,78,38,https://enr.electionsfl.org/CLM/4020/Precincts/59216/
CLM,Columbia,31.0 Westside,119,80,https://enr.electionsfl.org/CLM/4020/Precincts/59216/
CLM,Columbia,33.0 Southside,211,127,https://enr.electionsfl.org/CLM/4020/Precincts/59216/
CLM,Columbia,41.0 Watertown,67,40,https://enr.electionsfl.org/CLM/4020/Precincts/59216/
CLM,Columbia,42.0 Lulu,2,7,https://enr.electionsfl.org/CLM/4020/Precincts/59216/
CLM,Columbia,43.0 Mason City,101,55,https://enr.electionsfl.org/CLM/4020/Precincts/59216/
CLM,Columbia,444.0 Watertown,0,0,https://enr.electionsfl.org/CLM/4020/Precincts/59216/
CLM,Columbia,45.0 Mason City,3,2,https://enr.electionsfl.org/CLM/4020/Precincts/59216/
CLM,Columbia,46.0 Columbia City,10,7,https://enr.electionsfl.org/CLM/4020/Precincts/59216/
CLM,Columbia,47.0 Fort White,17,27,https://enr.electionsfl.org/CLM/4020/Precincts/59216/
CLM,Columbia,48.0 Bethleham,72,55,https://enr.electionsfl.org/CLM/4020/Precincts/59216/
CLM,Columbia,50.0 Watertown,6,3,https://enr.electionsfl.org/CLM/4020/Precincts/59216/
CLM,Columbia,51.0 Southside,120,55,https://enr.electionsfl.org/CLM/4020/Precincts/59216/
CLM,Columbia,513.0 SOE Office,4,2,https://enr.electionsfl.org/CLM/4020/Precincts/59216/
CLM,Columbia,52.0 Columbia City,69,56,https://enr.electionsfl.org/CLM/4020/Precincts/59216/
CLM,Columbia,533.0 SOE Office,3,1,https://enr.electionsfl.org/CLM/4020/Precincts/59216/
CLM,Columbia,553.0 SOE Office,59,17,https://enr.electionsfl.org/CLM/4020/Precincts/59216/
CLM,Columbia,554.0 SOE Office,100,54,https://enr.electionsfl.org/CLM/4020/Precincts/59216/
DAD,Miami-Dade,001.0,2,25,county official precinct results export
DAD,Miami-Dade,002.0,24,49,county official precinct results export
DAD,Miami-Dade,003.0,35,82,county official precinct results export
DAD,Miami-Dade,004.0,41,37,county official precinct results export
DAD,Miami-Dade,005.0,65,93,county official precinct results export
DAD,Miami-Dade,006.0,17,48,county official precinct results export
DAD,Miami-Dade,007.0,95,183,county official precinct results export
DAD,Miami-Dade,009.0,90,186,county official precinct results export
DAD,Miami-Dade,010.0,0,2,county official precinct results export
DAD,Miami-Dade,011.0,67,94,county official precinct results export
DAD,Miami-Dade,013.0,116,82,county official precinct results export
DAD,Miami-Dade,014.0,100,112,county official precinct results export
DAD,Miami-Dade,015.0,27,63,county official precinct results export
DAD,Miami-Dade,016.0,74,73,county official precinct results export
DAD,Miami-Dade,017.0,114,96,county official precinct results export
DAD,Miami-Dade,018.0,129,104,county official precinct results export
DAD,Miami-Dade,019.0,26,35,county official precinct results export
DAD,Miami-Dade,020.0,63,126,county official precinct results export
DAD,Miami-Dade,023.0,79,196,county official precinct results export
DAD,Miami-Dade,024.0,68,255,county official precinct results export
DAD,Miami-Dade,025.0,27,73,county official precinct results export
DAD,Miami-Dade,027.0,14,25,county official precinct results export
DAD,Miami-Dade,028.0,34,74,county official precinct results export
DAD,Miami-Dade,030.0,98,329,county official precinct results export
DAD,Miami-Dade,031.0,41,82,county official precinct results export
DAD,Miami-Dade,032.0,73,98,county official precinct results export
DAD,Miami-Dade,033.0,141,180,county official precinct results export
DAD,Miami-Dade,036.0,166,219,county official precinct results export
DAD,Miami-Dade,041.0,202,189,county official precinct results export
DAD,Miami-Dade,042.0,119,85,county official precinct results export
DAD,Miami-Dade,043.0,53,40,county official precinct results export
DAD,Miami-Dade,047.0,6,28,county official precinct results export
DAD,Miami-Dade,048.0,158,292,county official precinct results export
DAD,Miami-Dade,051.0,114,401,county official precinct results export
DAD,Miami-Dade,052.0,3,0,county official precinct results export
DAD,Miami-Dade,053.0,0,0,county official precinct results export
DAD,Miami-Dade,067.0,25,37,county official precinct results export
DAD,Miami-Dade,068.0,0,0,county official precinct results export
DAD,Miami-Dade,099.0,22,184,county official precinct results export
DAD,Miami-Dade,100.0,36,45,county official precinct results export
DAD,Miami-Dade,100.2,7,9,county official precinct results export
DAD,Miami-Dade,100.3,31,48,county official precinct results export
DAD,Miami-Dade,100.4,9,8,county official precinct results export
DAD,Miami-Dade,100.5,6,8,county official precinct results export
DAD,Miami-Dade,100.6,15,24,county official precinct results export
DAD,Miami-Dade,101.0,63,196,county official precinct results export
DAD,Miami-Dade,102.0,134,400,county official precinct results export
DAD,Miami-Dade,103.0,146,325,county official precinct results export
DAD,Miami-Dade,104.0,7,45,county official precinct results export
DAD,Miami-Dade,105.0,15,51,county official precinct results export
DAD,Miami-Dade,106.0,74,71,county official precinct results export
DAD,Miami-Dade,107.0,16,17,county official precinct results export
DAD,Miami-Dade,108.0,106,77,county official precinct results export
DAD,Miami-Dade,109.0,20,51,county official precinct results export
DAD,Miami-Dade,110.0,53,66,county official precinct results export
DAD,Miami-Dade,111.0,106,165,county official precinct results export
DAD,Miami-Dade,112.0,22,18,county official precinct results export
DAD,Miami-Dade,113.0,62,78,county official precinct results export
DAD,Miami-Dade,114.0,29,172,county official precinct results export
DAD,Miami-Dade,115.0,172,134,county official precinct results export
DAD,Miami-Dade,116.0,9,9,county official precinct results export
DAD,Miami-Dade,116.1,33,42,county official precinct results export
DAD,Miami-Dade,117.0,310,106,county official precinct results export
DAD,Miami-Dade,118.0,0,0,county official precinct results export
DAD,Miami-Dade,119.0,100,65,county official precinct results export
DAD,Miami-Dade,120.0,28,27,county official precinct results export
DAD,Miami-Dade,121.0,33,21,county official precinct results export
DAD,Miami-Dade,123.0,154,68,county official precinct results export
DAD,Miami-Dade,124.0,110,110,county official precinct results export
DAD,Miami-Dade,125.0,22,10,county official precinct results export
DAD,Miami-Dade,126.0,194,86,county official precinct results export
DAD,Miami-Dade,127.0,386,154,county official precinct results export
DAD,Miami-Dade,128.0,143,58,county official precinct results export
DAD,Miami-Dade,129.0,268,99,county official precinct results export
DAD,Miami-Dade,130.0,385,120,county official precinct results export
DAD,Miami-Dade,131.0,277,125,county official precinct results export
DAD,Miami-Dade,132.0,165,53,county official precinct results export
DAD,Miami-Dade,133.0,159,64,county official precinct results export
DAD,Miami-Dade,134.0,352,112,county official precinct results export
DAD,Miami-Dade,135.0,278,114,county official precinct results export
DAD,Miami-Dade,136.0,425,155,county official precinct results export
DAD,Miami-Dade,137.0,34,11,county official precinct results export
DAD,Miami-Dade,138.0,207,65,county official precinct results export
DAD,Miami-Dade,139.0,64,18,county official precinct results export
DAD,Miami-Dade,140.0,325,123,county official precinct results export
DAD,Miami-Dade,141.0,238,65,county official precinct results export
DAD,Miami-Dade,142.0,275,124,county official precinct results export
DAD,Miami-Dade,143.0,100,60,county official precinct results export
DAD,Miami-Dade,144.0,20,11,county official precinct results export
DAD,Miami-Dade,145.0,52,17,county official precinct results export
DAD,Miami-Dade,146.0,131,161,county official precinct results export
DAD,Miami-Dade,147.0,0,0,county official precinct results export
DAD,Miami-Dade,148.0,93,110,county official precinct results export
DAD,Miami-Dade,149.0,121,237,county official precinct results export
DAD,Miami-Dade,150.0,58,21,county official precinct results export
DAD,Miami-Dade,151.0,51,29,county official precinct results export
DAD,Miami-Dade,152.0,176,69,county official precinct results export
DAD,Miami-Dade,153.0,64,30,county official precinct results export
DAD,Miami-Dade,154.0,148,66,county official precinct results export
DAD,Miami-Dade,155.0,167,123,county official precinct results export
DAD,Miami-Dade,156.0,133,184,county official precinct results export
DAD,Miami-Dade,157.0,68,129,county official precinct results export
DAD,Miami-Dade,158.0,16,27,county official precinct results export
DAD,Miami-Dade,159.0,182,113,county official precinct results export
DAD,Miami-Dade,160.0,122,50,county official precinct results export
DAD,Miami-Dade,161.0,172,36,county official precinct results export
DAD,Miami-Dade,162.0,111,36,county official precinct results export
DAD,Miami-Dade,163.0,162,54,county official precinct results export
DAD,Miami-Dade,164.0,139,57,county official precinct results export
DAD,Miami-Dade,165.0,23,10,county official precinct results export
DAD,Miami-Dade,166.0,38,21,county official precinct results export
DAD,Miami-Dade,168.0,1,0,county official precinct results export
DAD,Miami-Dade,169.0,27,11,county official precinct results export
DAD,Miami-Dade,172.0,67,27,county official precinct results export
DAD,Miami-Dade,173.0,58,16,county official precinct results export
DAD,Miami-Dade,174.0,18,11,county official precinct results export
DAD,Miami-Dade,175.0,0,0,county official precinct results export
DAD,Miami-Dade,176.0,57,20,county official precinct results export
DAD,Miami-Dade,177.0,143,138,county official precinct results export
DAD,Miami-Dade,178.0,124,32,county official precinct results export
DAD,Miami-Dade,179.0,63,48,county official precinct results export
DAD,Miami-Dade,180.0,1,1,county official precinct results export
DAD,Miami-Dade,181.0,10,14,county official precinct results export
DAD,Miami-Dade,182.0,144,69,county official precinct results export
DAD,Miami-Dade,183.0,22,10,county official precinct results export
DAD,Miami-Dade,184.0,7,1,county official precinct results export
DAD,Miami-Dade,185.0,26,21,county official precinct results export
DAD,Miami-Dade,186.0,2,5,county official precinct results export
DAD,Miami-Dade,188.0,41,21,county official precinct results export
DAD,Miami-Dade,196.0,341,54,county official precinct results export
DAD,Miami-Dade,197.0,147,22,county official precinct results export
DAD,Miami-Dade,201.0,24,11,county official precinct results export
DAD,Miami-Dade,202.0,21,12,county official precinct results export
DAD,Miami-Dade,203.0,514,82,county official precinct results export
DAD,Miami-Dade,205.0,242,51,county official precinct results export
DAD,Miami-Dade,206.0,777,130,county official precinct results export
DAD,Miami-Dade,207.0,369,125,county official precinct results export
DAD,Miami-Dade,208.0,302,169,county official precinct results export
DAD,Miami-Dade,209.0,382,158,county official precinct results export
DAD,Miami-Dade,210.0,144,66,county official precinct results export
DAD,Miami-Dade,211.0,4,2,county official precinct results export
DAD,Miami-Dade,212.0,225,66,county official precinct results export
DAD,Miami-Dade,213.0,496,86,county official precinct results export
DAD,Miami-Dade,214.0,910,177,county official precinct results export
DAD,Miami-Dade,216.0,257,62,county official precinct results export
DAD,Miami-Dade,218.0,527,96,county official precinct results export
DAD,Miami-Dade,221.0,510,95,county official precinct results export
DAD,Miami-Dade,222.0,1009,184,county official precinct results export
DAD,Miami-Dade,223.0,506,94,county official precinct results export
DAD,Miami-Dade,225.0,652,114,county official precinct results export
DAD,Miami-Dade,226.0,451,81,county official precinct results export
DAD,Miami-Dade,227.0,369,69,county official precinct results export
DAD,Miami-Dade,228.0,302,45,county official precinct results export
DAD,Miami-Dade,229.0,379,59,county official precinct results export
DAD,Miami-Dade,230.0,180,50,county official precinct results export
DAD,Miami-Dade,231.0,100,34,county official precinct results export
DAD,Miami-Dade,232.0,160,46,county official precinct results export
DAD,Miami-Dade,233.0,182,48,county official precinct results export
DAD,Miami-Dade,234.0,0,0,county official precinct results export
DAD,Miami-Dade,236.0,162,34,county official precinct results export
DAD,Miami-Dade,237.0,193,27,county official precinct results export
DAD,Miami-Dade,238.0,230,54,county official precinct results export
DAD,Miami-Dade,239.0,261,86,county official precinct results export
DAD,Miami-Dade,240.0,479,101,county official precinct results export
DAD,Miami-Dade,241.0,304,60,county official precinct results export
DAD,Miami-Dade,242.0,323,110,county official precinct results export
DAD,Miami-Dade,243.0,252,43,county official precinct results export
DAD,Miami-Dade,244.0,263,60,county official precinct results export
DAD,Miami-Dade,245.0,186,44,county official precinct results export
DAD,Miami-Dade,246.0,109,25,county official precinct results export
DAD,Miami-Dade,247.0,100,34,county official precinct results export
DAD,Miami-Dade,248.0,280,50,county official precinct results export
DAD,Miami-Dade,249.0,115,24,county official precinct results export
DAD,Miami-Dade,250.0,368,58,county official precinct results export
DAD,Miami-Dade,251.0,305,48,county official precinct results export
DAD,Miami-Dade,252.0,0,0,county official precinct results export
DAD,Miami-Dade,253.0,223,54,county official precinct results export
DAD,Miami-Dade,254.0,219,36,county official precinct results export
DAD,Miami-Dade,255.0,66,18,county official precinct results export
DAD,Miami-Dade,256.0,327,116,county official precinct results export
DAD,Miami-Dade,257.0,264,57,county official precinct results export
DAD,Miami-Dade,258.0,133,16,county official precinct results export
DAD,Miami-Dade,259.0,134,33,county official precinct results export
DAD,Miami-Dade,260.0,205,24,county official precinct results export
DAD,Miami-Dade,261.0,289,37,county official precinct results export
DAD,Miami-Dade,262.0,231,28,county official precinct results export
DAD,Miami-Dade,263.0,0,1,county official precinct results export
DAD,Miami-Dade,264.0,136,25,county official precinct results export
DAD,Miami-Dade,267.0,151,25,county official precinct results export
DAD,Miami-Dade,268.0,0,0,county official precinct results export
DAD,Miami-Dade,269.0,162,18,county official precinct results export
DAD,Miami-Dade,270.0,392,62,county official precinct results export
DAD,Miami-Dade,272.0,82,47,county official precinct results export
DAD,Miami-Dade,273.0,0,0,county official precinct results export
DAD,Miami-Dade,274.0,260,60,county official precinct results export
DAD,Miami-Dade,276.0,214,56,county official precinct results export
DAD,Miami-Dade,280.0,150,22,county official precinct results export
DAD,Miami-Dade,281.0,69,9,county official precinct results export
DAD,Miami-Dade,281.1,9,7,county official precinct results export
DAD,Miami-Dade,282.0,228,25,county official precinct results export
DAD,Miami-Dade,283.0,18,4,county official precinct results export
DAD,Miami-Dade,283.1,3,0,county official precinct results export
DAD,Miami-Dade,284.0,14,3,county official precinct results export
DAD,Miami-Dade,285.0,2,1,county official precinct results export
DAD,Miami-Dade,285.1,0,0,county official precinct results export
DAD,Miami-Dade,286.0,12,8,county official precinct results export
DAD,Miami-Dade,288.0,4,0,county official precinct results export
DAD,Miami-Dade,291.0,436,74,county official precinct results export
DAD,Miami-Dade,295.0,718,95,county official precinct results export
DAD,Miami-Dade,296.0,245,49,county official precinct results export
DAD,Miami-Dade,299.0,0,0,county official precinct results export
DAD,Miami-Dade,300.0,115,60,county official precinct results export
DAD,Miami-Dade,301.0,19,33,county official precinct results export
DAD,Miami-Dade,302.0,35,28,county official precinct results export
DAD,Miami-Dade,303.0,157,122,county official precinct results export
DAD,Miami-Dade,304.0,68,47,county official precinct results export
DAD,Miami-Dade,305.0,74,47,county official precinct results export
DAD,Miami-Dade,306.0,58,50,county official precinct results export
DAD,Miami-Dade,307.0,33,71,county official precinct results export
DAD,Miami-Dade,308.0,37,45,county official precinct results export
DAD,Miami-Dade,309.0,79,53,county official precinct results export
DAD,Miami-Dade,310.0,20,25,county official precinct results export
DAD,Miami-Dade,311.0,46,26,county official precinct results export
DAD,Miami-Dade,312.0,28,22,county official precinct results export
DAD,Miami-Dade,313.0,0,0,county official precinct results export
DAD,Miami-Dade,314.0,0,0,county official precinct results export
DAD,Miami-Dade,315.0,19,12,county official precinct results export
DAD,Miami-Dade,316.0,30,18,county official precinct results export
DAD,Miami-Dade,317.0,14,16,county official precinct results export
DAD,Miami-Dade,318.0,36,32,county official precinct results export
DAD,Miami-Dade,319.0,17,14,county official precinct results export
DAD,Miami-Dade,320.0,36,32,county official precinct results export
DAD,Miami-Dade,321.0,57,62,county official precinct results export
DAD,Miami-Dade,322.0,37,20,county official precinct results export
DAD,Miami-Dade,323.0,27,20,county official precinct results export
DAD,Miami-Dade,324.0,18,23,county official precinct results export
DAD,Miami-Dade,325.0,29,28,county official precinct results export
DAD,Miami-Dade,327.0,40,24,county official precinct results export
DAD,Miami-Dade,328.0,35,19,county official precinct results export
DAD,Miami-Dade,329.0,0,0,county official precinct results export
DAD,Miami-Dade,330.0,37,38,county official precinct results export
DAD,Miami-Dade,331.0,39,35,county official precinct results export
DAD,Miami-Dade,332.0,38,16,county official precinct results export
DAD,Miami-Dade,333.0,23,17,county official precinct results export
DAD,Miami-Dade,334.0,17,20,county official precinct results export
DAD,Miami-Dade,335.0,36,24,county official precinct results export
DAD,Miami-Dade,336.0,8,8,county official precinct results export
DAD,Miami-Dade,337.0,51,26,county official precinct results export
DAD,Miami-Dade,338.0,13,11,county official precinct results export
DAD,Miami-Dade,339.0,47,34,county official precinct results export
DAD,Miami-Dade,340.0,52,49,county official precinct results export
DAD,Miami-Dade,342.0,48,44,county official precinct results export
DAD,Miami-Dade,343.0,72,74,county official precinct results export
DAD,Miami-Dade,344.0,60,98,county official precinct results export
DAD,Miami-Dade,345.0,0,0,county official precinct results export
DAD,Miami-Dade,346.0,46,88,county official precinct results export
DAD,Miami-Dade,347.0,48,44,county official precinct results export
DAD,Miami-Dade,348.0,4,3,county official precinct results export
DAD,Miami-Dade,349.0,39,19,county official precinct results export
DAD,Miami-Dade,350.0,94,60,county official precinct results export
DAD,Miami-Dade,351.0,175,103,county official precinct results export
DAD,Miami-Dade,352.0,74,121,county official precinct results export
DAD,Miami-Dade,354.0,13,17,county official precinct results export
DAD,Miami-Dade,355.0,116,73,county official precinct results export
DAD,Miami-Dade,356.0,26,10,county official precinct results export
DAD,Miami-Dade,357.0,29,22,county official precinct results export
DAD,Miami-Dade,358.0,34,18,county official precinct results export
DAD,Miami-Dade,359.0,37,20,county official precinct results export
DAD,Miami-Dade,360.0,52,52,county official precinct results export
DAD,Miami-Dade,361.0,90,75,county official precinct results export
DAD,Miami-Dade,362.0,26,16,county official precinct results export
DAD,Miami-Dade,363.0,36,18,county official precinct results export
DAD,Miami-Dade,364.0,102,62,county official precinct results export
DAD,Miami-Dade,365.0,109,78,county official precinct results export
DAD,Miami-Dade,366.0,83,90,county official precinct results export
DAD,Miami-Dade,368.0,41,36,county official precinct results export
DAD,Miami-Dade,369.0,6,2,county official precinct results export
DAD,Miami-Dade,370.0,104,60,county official precinct results export
DAD,Miami-Dade,371.0,93,89,county official precinct results export
DAD,Miami-Dade,372.0,26,21,county official precinct results export
DAD,Miami-Dade,373.0,91,41,county official precinct results export
DAD,Miami-Dade,375.0,20,8,county official precinct results export
DAD,Miami-Dade,377.0,30,24,county official precinct results export
DAD,Miami-Dade,378.0,12,6,county official precinct results export
DAD,Miami-Dade,379.0,31,19,county official precinct results export
DAD,Miami-Dade,380.0,74,93,county official precinct results export
DAD,Miami-Dade,384.0,37,41,county official precinct results export
DAD,Miami-Dade,385.0,55,44,county official precinct results export
DAD,Miami-Dade,386.0,22,16,county official precinct results export
DAD,Miami-Dade,387.0,28,16,county official precinct results export
DAD,Miami-Dade,388.0,50,44,county official precinct results export
DAD,Miami-Dade,389.0,66,61,county official precinct results export
DAD,Miami-Dade,390.0,50,43,county official precinct results export
DAD,Miami-Dade,391.0,0,0,county official precinct results export
DAD,Miami-Dade,394.0,0,0,county official precinct results export
DAD,Miami-Dade,396.0,0,0,county official precinct results export
DAD,Miami-Dade,397.0,0,0,county official precinct results export
DAD,Miami-Dade,400.0,0,0,county official precinct results export
DAD,Miami-Dade,401.0,18,18,county official precinct results export
DAD,Miami-Dade,402.0,26,19,county official precinct results export
DAD,Miami-Dade,403.0,23,27,county official precinct results export
DAD,Miami-Dade,404.0,4,5,county official precinct results export
DAD,Miami-Dade,405.0,123,80,county official precinct results export
DAD,Miami-Dade,406.0,0,0,county official precinct results export
DAD,Miami-Dade,407.0,26,43,county official precinct results export
DAD,Miami-Dade,408.0,45,27,county official precinct results export
DAD,Miami-Dade,409.0,63,35,county official precinct results export
DAD,Miami-Dade,410.0,88,73,county official precinct results export
DAD,Miami-Dade,411.0,53,38,county official precinct results export
DAD,Miami-Dade,412.0,24,20,county official precinct results export
DAD,Miami-Dade,413.0,34,52,county official precinct results export
DAD,Miami-Dade,414.0,67,39,county official precinct results export
DAD,Miami-Dade,415.0,46,44,county official precinct results export
DAD,Miami-Dade,417.0,65,52,county official precinct results export
DAD,Miami-Dade,419.0,54,85,county official precinct results export
DAD,Miami-Dade,420.0,15,14,county official precinct results export
DAD,Miami-Dade,421.0,33,64,county official precinct results export
DAD,Miami-Dade,422.0,52,50,county official precinct results export
DAD,Miami-Dade,423.0,37,47,county official precinct results export
DAD,Miami-Dade,424.0,65,48,county official precinct results export
DAD,Miami-Dade,425.0,20,13,county official precinct results export
DAD,Miami-Dade,426.0,113,103,county official precinct results export
DAD,Miami-Dade,427.0,61,55,county official precinct results export
DAD,Miami-Dade,428.0,37,59,county official precinct results export
DAD,Miami-Dade,429.0,57,74,county official precinct results export
DAD,Miami-Dade,430.0,47,56,county official precinct results export
DAD,Miami-Dade,431.0,48,44,county official precinct results export
DAD,Miami-Dade,432.0,60,63,county official precinct results export
DAD,Miami-Dade,433.0,43,39,county official precinct results export
DAD,Miami-Dade,434.0,32,46,county official precinct results export
DAD,Miami-Dade,435.0,50,43,county official precinct results export
DAD,Miami-Dade,436.0,9,3,county official precinct results export
DAD,Miami-Dade,437.0,25,29,county official precinct results export
DAD,Miami-Dade,438.0,22,17,county official precinct results export
DAD,Miami-Dade,439.0,49,56,county official precinct results export
DAD,Miami-Dade,440.0,71,76,county official precinct results export
DAD,Miami-Dade,441.0,8,9,county official precinct results export
DAD,Miami-Dade,443.0,122,79,county official precinct results export
DAD,Miami-Dade,444.0,87,67,county official precinct results export
DAD,Miami-Dade,445.0,6,7,county official precinct results export
DAD,Miami-Dade,446.0,0,0,county official precinct results export
DAD,Miami-Dade,447.0,61,46,county official precinct results export
DAD,Miami-Dade,448.0,61,45,county official precinct results export
DAD,Miami-Dade,450.0,63,106,county official precinct results export
DAD,Miami-Dade,451.0,40,42,county official precinct results export
DAD,Miami-Dade,452.0,63,34,county official precinct results export
DAD,Miami-Dade,453.0,2,0,county official precinct results export
DAD,Miami-Dade,455.0,57,34,county official precinct results export
DAD,Miami-Dade,458.0,6,1,county official precinct results export
DAD,Miami-Dade,459.0,54,50,county official precinct results export
DAD,Miami-Dade,460.0,3,2,county official precinct results export
DAD,Miami-Dade,461.0,67,35,county official precinct results export
DAD,Miami-Dade,462.0,99,78,county official precinct results export
DAD,Miami-Dade,463.0,0,0,county official precinct results export
DAD,Miami-Dade,464.0,36,14,county official precinct results export
DAD,Miami-Dade,466.0,43,35,county official precinct results export
DAD,Miami-Dade,467.0,38,11,county official precinct results export
DAD,Miami-Dade,468.0,22,40,county official precinct results export
DAD,Miami-Dade,469.0,57,52,county official precinct results export
DAD,Miami-Dade,470.0,59,45,county official precinct results export
DAD,Miami-Dade,471.0,41,35,county official precinct results export
DAD,Miami-Dade,472.0,24,28,county official precinct results export
DAD,Miami-Dade,480.0,98,70,county official precinct results export
DAD,Miami-Dade,488.0,84,67,county official precinct results export
DAD,Miami-Dade,489.0,1,1,county official precinct results export
DAD,Miami-Dade,489.1,0,0,county official precinct results export
DAD,Miami-Dade,500.0,25,14,county official precinct results export
DAD,Miami-Dade,501.0,195,36,county official precinct results export
DAD,Miami-Dade,502.0,32,13,county official precinct results export
DAD,Miami-Dade,503.0,0,0,county official precinct results export
DAD,Miami-Dade,504.0,282,215,county official precinct results export
DAD,Miami-Dade,505.0,177,37,county official precinct results export
DAD,Miami-Dade,506.0,139,47,county official precinct results export
DAD,Miami-Dade,507.0,100,25,county official precinct results export
DAD,Miami-Dade,508.0,201,29,county official precinct results export
DAD,Miami-Dade,509.0,123,52,county official precinct results export
DAD,Miami-Dade,510.0,40,37,county official precinct results export
DAD,Miami-Dade,511.0,213,26,county official precinct results export
DAD,Miami-Dade,512.0,233,36,county official precinct results export
DAD,Miami-Dade,513.0,87,10,county official precinct results export
DAD,Miami-Dade,514.0,194,43,county official precinct results export
DAD,Miami-Dade,515.0,147,63,county official precinct results export
DAD,Miami-Dade,516.0,22,41,county official precinct results export
DAD,Miami-Dade,517.0,93,42,county official precinct results export
DAD,Miami-Dade,518.0,153,45,county official precinct results export
DAD,Miami-Dade,519.0,228,44,county official precinct results export
DAD,Miami-Dade,520.0,353,52,county official precinct results export
DAD,Miami-Dade,521.0,256,40,county official precinct results export
DAD,Miami-Dade,522.0,327,55,county official precinct results export
DAD,Miami-Dade,523.0,135,50,county official precinct results export
DAD,Miami-Dade,524.0,67,74,county official precinct results export
DAD,Miami-Dade,525.0,36,42,county official precinct results export
DAD,Miami-Dade,526.0,103,28,county official precinct results export
DAD,Miami-Dade,527.0,18,7,county official precinct results export
DAD,Miami-Dade,528.0,12,16,county official precinct results export
DAD,Miami-Dade,529.0,135,41,county official precinct results export
DAD,Miami-Dade,530.0,0,0,county official precinct results export
DAD,Miami-Dade,531.0,80,30,county official precinct results export
DAD,Miami-Dade,532.0,109,141,county official precinct results export
DAD,Miami-Dade,533.0,270,34,county official precinct results export
DAD,Miami-Dade,534.0,30,14,county official precinct results export
DAD,Miami-Dade,535.0,60,15,county official precinct results export
DAD,Miami-Dade,536.0,51,57,county official precinct results export
DAD,Miami-Dade,537.0,138,43,county official precinct results export
DAD,Miami-Dade,538.0,82,76,county official precinct results export
DAD,Miami-Dade,539.0,28,14,county official precinct results export
DAD,Miami-Dade,540.0,65,34,county official precinct results export
DAD,Miami-Dade,541.0,37,58,county official precinct results export
DAD,Miami-Dade,542.0,6,2,county official precinct results export
DAD,Miami-Dade,543.0,78,52,county official precinct results export
DAD,Miami-Dade,544.0,142,173,county official precinct results export
DAD,Miami-Dade,545.0,67,43,county official precinct results export
DAD,Miami-Dade,546.0,51,96,county official precinct results export
DAD,Miami-Dade,547.0,0,1,county official precinct results export
DAD,Miami-Dade,548.0,28,20,county official precinct results export
DAD,Miami-Dade,549.0,94,70,county official precinct results export
DAD,Miami-Dade,550.0,32,9,county official precinct results export
DAD,Miami-Dade,551.0,29,21,county official precinct results export
DAD,Miami-Dade,552.0,14,26,county official precinct results export
DAD,Miami-Dade,553.0,26,31,county official precinct results export
DAD,Miami-Dade,554.0,29,37,county official precinct results export
DAD,Miami-Dade,555.0,1,1,county official precinct results export
DAD,Miami-Dade,556.0,56,49,county official precinct results export
DAD,Miami-Dade,557.0,75,73,county official precinct results export
DAD,Miami-Dade,558.0,31,14,county official precinct results export
DAD,Miami-Dade,559.0,63,53,county official precinct results export
DAD,Miami-Dade,560.0,30,22,county official precinct results export
DAD,Miami-Dade,561.0,79,80,county official precinct results export
DAD,Miami-Dade,562.0,0,0,county official precinct results export
DAD,Miami-Dade,563.0,76,49,county official precinct results export
DAD,Miami-Dade,564.0,76,31,county official precinct results export
DAD,Miami-Dade,565.0,57,31,county official precinct results export
DAD,Miami-Dade,566.0,85,45,county official precinct results export
DAD,Miami-Dade,567.0,83,101,county official precinct results export
DAD,Miami-Dade,568.0,185,57,county official precinct results export
DAD,Miami-Dade,569.0,121,260,county official precinct results export
DAD,Miami-Dade,570.0,56,47,county official precinct results export
DAD,Miami-Dade,571.0,67,75,county official precinct results export
DAD,Miami-Dade,572.0,81,69,county official precinct results export
DAD,Miami-Dade,573.0,104,104,county official precinct results export
DAD,Miami-Dade,574.0,184,54,county official precinct results export
DAD,Miami-Dade,575.0,93,79,county official precinct results export
DAD,Miami-Dade,576.0,95,110,county official precinct results export
DAD,Miami-Dade,577.0,78,63,county official precinct results export
DAD,Miami-Dade,578.0,119,103,county official precinct results export
DAD,Miami-Dade,579.0,128,132,county official precinct results export
DAD,Miami-Dade,580.0,8,5,county official precinct results export
DAD,Miami-Dade,581.0,60,28,county official precinct results export
DAD,Miami-Dade,582.0,60,299,county official precinct results export
DAD,Miami-Dade,583.0,53,17,county official precinct results export
DAD,Miami-Dade,584.0,214,139,county official precinct results export
DAD,Miami-Dade,585.0,32,12,county official precinct results export
DAD,Miami-Dade,586.0,4,7,county official precinct results export
DAD,Miami-Dade,587.0,175,487,county official precinct results export
DAD,Miami-Dade,588.0,0,0,county official precinct results export
DAD,Miami-Dade,589.0,0,0,county official precinct results export
DAD,Miami-Dade,590.0,31,11,county official precinct results export
DAD,Miami-Dade,591.0,122,54,county official precinct results export
DAD,Miami-Dade,592.0,0,0,county official precinct results export
DAD,Miami-Dade,593.0,44,33,county official precinct results export
DAD,Miami-Dade,594.0,3,2,county official precinct results export
DAD,Miami-Dade,595.0,15,5,county official precinct results export
DAD,Miami-Dade,596.0,108,56,county official precinct results export
DAD,Miami-Dade,597.0,5,1,county official precinct results export
DAD,Miami-Dade,598.0,27,12,county official precinct results export
DAD,Miami-Dade,599.0,113,60,county official precinct results export
DAD,Miami-Dade,600.0,36,154,county official precinct results export
DAD,Miami-Dade,601.0,119,244,county official precinct results export
DAD,Miami-Dade,602.0,0,0,county official precinct results export
DAD,Miami-Dade,603.0,11,2,county official precinct results export
DAD,Miami-Dade,604.0,123,247,county official precinct results export
DAD,Miami-Dade,605.0,1,1,county official precinct results export
DAD,Miami-Dade,606.0,149,263,county official precinct results export
DAD,Miami-Dade,607.0,58,218,county official precinct results export
DAD,Miami-Dade,608.0,44,150,county official precinct results export
DAD,Miami-Dade,609.0,25,10,county official precinct results export
DAD,Miami-Dade,610.0,16,5,county official precinct results export
DAD,Miami-Dade,611.0,67,200,county official precinct results export
DAD,Miami-Dade,612.0,22,71,county official precinct results export
DAD,Miami-Dade,613.0,40,96,county official precinct results export
DAD,Miami-Dade,614.0,56,94,county official precinct results export
DAD,Miami-Dade,615.0,39,141,county official precinct results export
DAD,Miami-Dade,616.0,27,129,county official precinct results export
DAD,Miami-Dade,617.0,31,191,county official precinct results export
DAD,Miami-Dade,618.0,15,70,county official precinct results export
DAD,Miami-Dade,619.0,83,15,county official precinct results export
DAD,Miami-Dade,620.0,0,0,county official precinct results export
DAD,Miami-Dade,621.0,185,123,county official precinct results export
DAD,Miami-Dade,622.0,0,0,county official precinct results export
DAD,Miami-Dade,623.0,19,67,county official precinct results export
DAD,Miami-Dade,624.0,87,162,county official precinct results export
DAD,Miami-Dade,625.0,66,168,county official precinct results export
DAD,Miami-Dade,626.0,6,13,county official precinct results export
DAD,Miami-Dade,627.0,41,133,county official precinct results export
DAD,Miami-Dade,628.0,44,225,county official precinct results export
DAD,Miami-Dade,629.0,0,0,county official precinct results export
DAD,Miami-Dade,630.0,21,115,county official precinct results export
DAD,Miami-Dade,631.0,22,129,county official precinct results export
DAD,Miami-Dade,632.0,56,183,county official precinct results export
DAD,Miami-Dade,633.0,98,94,county official precinct results export
DAD,Miami-Dade,634.0,0,0,county official precinct results export
DAD,Miami-Dade,635.0,14,80,county official precinct results export
DAD,Miami-Dade,636.0,172,321,county official precinct results export
DAD,Miami-Dade,637.0,0,1,county official precinct results export
DAD,Miami-Dade,638.0,0,0,county official precinct results export
DAD,Miami-Dade,639.0,37,119,county official precinct results export
DAD,Miami-Dade,640.0,19,50,county official precinct results export
DAD,Miami-Dade,641.0,68,239,county official precinct results export
DAD,Miami-Dade,642.0,18,45,county official precinct results export
DAD,Miami-Dade,643.0,73,82,county official precinct results export
DAD,Miami-Dade,645.0,5,4,county official precinct results export
DAD,Miami-Dade,646.0,3,25,county official precinct results export
DAD,Miami-Dade,647.0,72,47,county official precinct results export
DAD,Miami-Dade,648.0,2,6,county official precinct results export
DAD,Miami-Dade,649.0,12,24,county official precinct results export
DAD,Miami-Dade,650.0,77,105,county official precinct results export
DAD,Miami-Dade,651.0,0,0,county official precinct results export
DAD,Miami-Dade,652.0,60,57,county official precinct results export
DAD,Miami-Dade,653.0,9,3,county official precinct results export
DAD,Miami-Dade,654.0,55,77,county official precinct results export
DAD,Miami-Dade,655.0,0,1,county official precinct results export
DAD,Miami-Dade,656.0,16,17,county official precinct results export
DAD,Miami-Dade,657.0,2,1,county official precinct results export
DAD,Miami-Dade,662.0,104,55,county official precinct results export
DAD,Miami-Dade,663.0,39,22,county official precinct results export
DAD,Miami-Dade,664.0,12,11,county official precinct results export
DAD,Miami-Dade,665.0,80,91,county official precinct results export
DAD,Miami-Dade,669.0,72,42,county official precinct results export
DAD,Miami-Dade,670.0,23,15,county official precinct results export
DAD,Miami-Dade,671.0,51,22,county official precinct results export
DAD,Miami-Dade,672.0,53,77,county official precinct results export
DAD,Miami-Dade,673.0,36,22,county official precinct results export
DAD,Miami-Dade,674.0,42,81,county official precinct results export
DAD,Miami-Dade,690.0,0,0,county official precinct results export
DAD,Miami-Dade,694.0,126,83,county official precinct results export
DAD,Miami-Dade,695.0,85,61,county official precinct results export
DAD,Miami-Dade,696.0,162,184,county official precinct results export
DAD,Miami-Dade,697.0,59,71,county official precinct results export
DAD,Miami-Dade,698.0,0,0,county official precinct results export
DAD,Miami-Dade,699.0,54,33,county official precinct results export
DAD,Miami-Dade,700.0,44,35,county official precinct results export
DAD,Miami-Dade,701.0,52,55,county official precinct results export
DAD,Miami-Dade,702.0,51,43,county official precinct results export
DAD,Miami-Dade,703.0,78,66,county official precinct results export
DAD,Miami-Dade,704.0,42,35,county official precinct results export
DAD,Miami-Dade,705.0,65,59,county official precinct results export
DAD,Miami-Dade,706.0,48,44,county official precinct results export
DAD,Miami-Dade,707.0,7,18,county official precinct results export
DAD,Miami-Dade,708.0,40,34,county official precinct results export
DAD,Miami-Dade,708.1,3,1,county official precinct results export
DAD,Miami-Dade,709.0,7,1,county official precinct results export
DAD,Miami-Dade,710.0,24,26,county official precinct results export
DAD,Miami-Dade,710.1,15,16,county official precinct results export
DAD,Miami-Dade,711.0,68,109,county official precinct results export
DAD,Miami-Dade,712.0,41,44,county official precinct results export
DAD,Miami-Dade,713.0,53,39,county official precinct results export
DAD,Miami-Dade,714.0,42,56,county official precinct results export
DAD,Miami-Dade,715.0,49,67,county official precinct results export
DAD,Miami-Dade,716.0,35,44,county official precinct results export
DAD,Miami-Dade,717.0,108,135,county official precinct results export
DAD,Miami-Dade,718.0,63,71,county official precinct results export
DAD,Miami-Dade,719.0,52,113,county official precinct results export
DAD,Miami-Dade,720.0,28,65,county official precinct results export
DAD,Miami-Dade,721.0,97,185,county official precinct results export
DAD,Miami-Dade,722.0,16,3,county official precinct results export
DAD,Miami-Dade,723.0,37,83,county official precinct results export
DAD,Miami-Dade,724.0,11,14,county official precinct results export
DAD,Miami-Dade,725.0,26,13,county official precinct results export
DAD,Miami-Dade,726.0,22,48,county official precinct results export
DAD,Miami-Dade,727.0,65,70,county official precinct results export
DAD,Miami-Dade,728.0,113,131,county official precinct results export
DAD,Miami-Dade,730.0,98,117,county official precinct results export
DAD,Miami-Dade,730.1,0,0,county official precinct results export
DAD,Miami-Dade,731.0,36,55,county official precinct results export
DAD,Miami-Dade,732.0,34,31,county official precinct results export
DAD,Miami-Dade,733.0,125,132,county official precinct results export
DAD,Miami-Dade,734.0,36,46,county official precinct results export
DAD,Miami-Dade,735.0,29,73,county official precinct results export
DAD,Miami-Dade,736.0,39,34,county official precinct results export
DAD,Miami-Dade,737.0,54,34,county official precinct results export
DAD,Miami-Dade,738.0,102,83,county official precinct results export
DAD,Miami-Dade,739.0,43,47,county official precinct results export
DAD,Miami-Dade,740.0,57,66,county official precinct results export
DAD,Miami-Dade,741.0,107,138,county official precinct results export
DAD,Miami-Dade,743.0,46,66,county official precinct results export
DAD,Miami-Dade,744.0,119,126,county official precinct results export
DAD,Miami-Dade,745.0,45,68,county official precinct results export
DAD,Miami-Dade,745.1,69,80,county official precinct results export
DAD,Miami-Dade,746.0,34,108,county official precinct results export
DAD,Miami-Dade,747.0,75,99,county official precinct results export
DAD,Miami-Dade,748.0,59,97,county official precinct results export
DAD,Miami-Dade,749.0,67,150,county official precinct results export
DAD,Miami-Dade,750.0,140,212,county official precinct results export
DAD,Miami-Dade,751.0,42,99,county official precinct results export
DAD,Miami-Dade,752.0,127,146,county official precinct results export
DAD,Miami-Dade,754.0,52,252,county official precinct results export
DAD,Miami-Dade,756.0,90,157,county official precinct results export
DAD,Miami-Dade,757.0,125,112,county official precinct results export
DAD,Miami-Dade,758.0,57,33,county official precinct results export
DAD,Miami-Dade,759.0,75,49,county official precinct results export
DAD,Miami-Dade,760.0,85,163,county official precinct results export
DAD,Miami-Dade,761.0,59,45,county official precinct results export
DAD,Miami-Dade,762.0,81,53,county official precinct results export
DAD,Miami-Dade,763.0,45,42,county official precinct results export
DAD,Miami-Dade,764.0,102,84,county official precinct results export
DAD,Miami-Dade,765.0,122,158,county official precinct results export
DAD,Miami-Dade,765.1,10,26,county official precinct results export
DAD,Miami-Dade,766.0,87,70,county official precinct results export
DAD,Miami-Dade,767.0,67,56,county official precinct results export
DAD,Miami-Dade,768.0,23,27,county official precinct results export
DAD,Miami-Dade,769.0,48,97,county official precinct results export
DAD,Miami-Dade,770.0,14,11,county official precinct results export
DAD,Miami-Dade,771.0,93,145,county official precinct results export
DAD,Miami-Dade,772.0,61,59,county official precinct results export
DAD,Miami-Dade,773.0,54,41,county official precinct results export
DAD,Miami-Dade,774.0,57,21,county official precinct results export
DAD,Miami-Dade,775.0,70,67,county official precinct results export
DAD,Miami-Dade,776.0,62,45,county official precinct results export
DAD,Miami-Dade,777.0,12,39,county official precinct results export
DAD,Miami-Dade,778.0,91,143,county official precinct results export
DAD,Miami-Dade,779.0,32,36,county official precinct results export
DAD,Miami-Dade,780.0,32,37,county official precinct results export
DAD,Miami-Dade,781.0,30,20,county official precinct results export
DAD,Miami-Dade,782.0,52,35,county official precinct results export
DAD,Miami-Dade,783.0,11,7,county official precinct results export
DAD,Miami-Dade,784.0,62,54,county official precinct results export
DAD,Miami-Dade,785.0,36,21,county official precinct results export
DAD,Miami-Dade,786.0,80,44,county official precinct results export
DAD,Miami-Dade,787.0,63,47,county official precinct results export
DAD,Miami-Dade,788.0,77,89,county official precinct results export
DAD,Miami-Dade,789.0,5,0,county official precinct results export
DAD,Miami-Dade,790.0,9,3,county official precinct results export
DAD,Miami-Dade,791.0,28,25,county official precinct results export
DAD,Miami-Dade,792.0,115,142,county official precinct results export
DAD,Miami-Dade,793.0,47,36,county official precinct results export
DAD,Miami-Dade,794.0,96,112,county official precinct results export
DAD,Miami-Dade,795.0,47,44,county official precinct results export
DAD,Miami-Dade,796.0,3,3,county official precinct results export
DAD,Miami-Dade,797.0,57,35,county official precinct results export
DAD,Miami-Dade,798.0,77,69,county official precinct results export
DAD,Miami-Dade,800.0,54,45,county official precinct results export
DAD,Miami-Dade,801.0,262,76,county official precinct results export
DAD,Miami-Dade,802.0,245,89,county official precinct results export
DAD,Miami-Dade,803.0,292,100,county official precinct results export
DAD,Miami-Dade,804.0,71,130,county official precinct results export
DAD,Miami-Dade,805.0,0,0,county official precinct results export
DAD,Miami-Dade,806.0,63,123,county official precinct results export
DAD,Miami-Dade,807.0,46,132,county official precinct results export
DAD,Miami-Dade,808.0,36,88,county official precinct results export
DAD,Miami-Dade,810.0,97,274,county official precinct results export
DAD,Miami-Dade,811.0,86,119,county official precinct results export
DAD,Miami-Dade,812.0,175,102,county official precinct results export
DAD,Miami-Dade,813.0,381,213,county official precinct results export
DAD,Miami-Dade,814.0,121,109,county official precinct results export
DAD,Miami-Dade,815.0,58,45,county official precinct results export
DAD,Miami-Dade,816.0,241,117,county official precinct results export
DAD,Miami-Dade,817.0,177,104,county official precinct results export
DAD,Miami-Dade,818.0,165,40,county official precinct results export
DAD,Miami-Dade,819.0,59,98,county official precinct results export
DAD,Miami-Dade,820.0,149,203,county official precinct results export
DAD,Miami-Dade,821.0,131,172,county official precinct results export
DAD,Miami-Dade,822.0,39,10,county official precinct results export
DAD,Miami-Dade,823.0,99,112,county official precinct results export
DAD,Miami-Dade,824.0,59,60,county official precinct results export
DAD,Miami-Dade,825.0,233,114,county official precinct results export
DAD,Miami-Dade,826.0,120,46,county official precinct results export
DAD,Miami-Dade,827.0,77,61,county official precinct results export
DAD,Miami-Dade,828.0,20,1,county official precinct results export
DAD,Miami-Dade,829.0,78,45,county official precinct results export
DAD,Miami-Dade,830.0,69,21,county official precinct results export
DAD,Miami-Dade,831.0,43,20,county official precinct results export
DAD,Miami-Dade,832.0,71,73,county official precinct results export
DAD,Miami-Dade,833.0,7,1,county official precinct results export
DAD,Miami-Dade,834.0,0,1,county official precinct results export
DAD,Miami-Dade,835.0,2,0,county official precinct results export
DAD,Miami-Dade,836.0,1,0,county official precinct results export
DAD,Miami-Dade,837.0,72,162,county official precinct results export
DAD,Miami-Dade,838.0,28,10,county official precinct results export
DAD,Miami-Dade,839.0,30,11,county official precinct results export
DAD,Miami-Dade,840.0,25,33,county official precinct results export
DAD,Miami-Dade,841.0,75,50,county official precinct results export
DAD,Miami-Dade,842.0,23,18,county official precinct results export
DAD,Miami-Dade,843.0,13,15,county official precinct results export
DAD,Miami-Dade,844.0,41,51,county official precinct results export
DAD,Miami-Dade,845.0,95,58,county official precinct results export
DAD,Miami-Dade,846.0,93,56,county official precinct results export
DAD,Miami-Dade,847.0,182,104,county official precinct results export
DAD,Miami-Dade,848.0,16,33,county official precinct results export
DAD,Miami-Dade,849.0,9,4,county official precinct results export
DAD,Miami-Dade,851.0,86,38,county official precinct results export
DAD,Miami-Dade,852.0,22,7,county official precinct results export
DAD,Miami-Dade,853.0,38,42,county official precinct results export
DAD,Miami-Dade,854.0,215,212,county official precinct results export
DAD,Miami-Dade,856.0,228,55,county official precinct results export
DAD,Miami-Dade,857.0,101,87,county official precinct results export
DAD,Miami-Dade,858.0,64,65,county official precinct results export
DAD,Miami-Dade,859.0,71,58,county official precinct results export
DAD,Miami-Dade,860.0,51,44,county official precinct results export
DAD,Miami-Dade,862.0,137,88,county official precinct results export
DAD,Miami-Dade,863.0,0,0,county official precinct results export
DAD,Miami-Dade,880.0,35,20,county official precinct results export
DAD,Miami-Dade,881.0,155,54,county official precinct results export
DAD,Miami-Dade,882.0,0,0,county official precinct results export
DAD,Miami-Dade,887.0,34,15,county official precinct results export
DAD,Miami-Dade,888.0,3,1,county official precinct results export
DAD,Miami-Dade,889.0,55,40,county official precinct results export
DAD,Miami-Dade,890.0,144,58,county official precinct results export
DAD,Miami-Dade,891.0,164,65,county official precinct results export
DAD,Miami-Dade,893.0,0,0,county official precinct results export
DAD,Miami-Dade,894.0,2,0,county official precinct results export
DAD,Miami-Dade,895.0,72,47,county official precinct results export
DAD,Miami-Dade,897.0,67,51,county official precinct results export
DAD,Miami-Dade,898.0,38,35,county official precinct results export
DAD,Miami-Dade,900.0,45,60,county official precinct results export
DAD,Miami-Dade,901.0,57,75,county official precinct results export
DAD,Miami-Dade,902.0,27,10,county official precinct results export
DAD,Miami-Dade,903.0,244,84,county official precinct results export
DAD,Miami-Dade,904.0,170,124,county official precinct results export
DAD,Miami-Dade,905.0,36,8,county official precinct results export
DAD,Miami-Dade,906.0,58,33,county official precinct results export
DAD,Miami-Dade,907.0,66,57,county official precinct results export
DAD,Miami-Dade,908.0,12,4,county official precinct results export
DAD,Miami-Dade,909.0,119,42,county official precinct results export
DAD,Miami-Dade,910.0,81,42,county official precinct results export
DAD,Miami-Dade,911.0,126,57,county official precinct results export
DAD,Miami-Dade,912.0,0,1,county official precinct results export
DAD,Miami-Dade,913.0,129,107,county official precinct results export
DAD,Miami-Dade,914.0,71,58,county official precinct results export
DAD,Miami-Dade,915.0,75,36,county official precinct results export
DAD,Miami-Dade,916.0,38,14,county official precinct results export
DAD,Miami-Dade,917.0,0,0,county official precinct results export
DAD,Miami-Dade,919.0,124,50,county official precinct results export
DAD,Miami-Dade,920.0,91,58,county official precinct results export
DAD,Miami-Dade,922.0,97,38,county official precinct results export
DAD,Miami-Dade,928.0,211,128,county official precinct results export
DAD,Miami-Dade,929.0,0,0,county official precinct results export
DAD,Miami-Dade,930.0,40,17,county official precinct results export
DAD,Miami-Dade,931.0,33,17,county official precinct results export
DAD,Miami-Dade,932.0,33,10,county official precinct results export
DAD,Miami-Dade,933.0,0,0,county official precinct results export
DAD,Miami-Dade,934.0,135,74,county official precinct results export
DAD,Miami-Dade,935.0,8,1,county official precinct results export
DAD,Miami-Dade,936.0,0,0,county official precinct results export
DAD,Miami-Dade,938.0,0,0,county official precinct results export
DAD,Miami-Dade,943.0,21,5,county official precinct results export
DAD,Miami-Dade,944.0,1,1,county official precinct results export
DAD,Miami-Dade,947.0,253,97,county official precinct results export
DAD,Miami-Dade,948.0,96,42,county official precinct results export
DAD,Miami-Dade,949.0,60,28,county official precinct results export
DAD,Miami-Dade,951.0,168,67,county official precinct results export
DAD,Miami-Dade,953.0,87,50,county official precinct results export
DAD,Miami-Dade,957.0,40,30,county official precinct results export
DAD,Miami-Dade,958.0,4,0,county official precinct results export
DAD,Miami-Dade,959.0,37,19,county official precinct results export
DAD,Miami-Dade,960.0,45,12,county official precinct results export
DAD,Miami-Dade,961.0,103,21,county official precinct results export
DAD,Miami-Dade,962.0,18,16,county official precinct results export
DAD,Miami-Dade,963.0,19,26,county official precinct results export
DAD,Miami-Dade,967.0,25,8,county official precinct results export
DAD,Miami-Dade,969.0,193,85,county official precinct results export
DAD,Miami-Dade,971.0,14,14,county official precinct results export
DAD,Miami-Dade,975.0,33,7,county official precinct results export
DAD,Miami-Dade,976.0,15,3,county official precinct results export
DAD,Miami-Dade,979.0,12,15,county official precinct results export
DAD,Miami-Dade,980.0,11,19,county official precinct results export
DAD,Miami-Dade,981.0,9,0,county official precinct results export
DAD,Miami-Dade,982.0,80,60,county official precinct results export
DAD,Miami-Dade,983.0,30,17,county official precinct results export
DAD,Miami-Dade,984.0,61,43,county official precinct results export
DAD,Miami-Dade,985.0,45,8,county official precinct results export
DAD,Miami-Dade,986.0,76,47,county official precinct results export
DAD,Miami-Dade,988.0,0,0,county official precinct results export
DIX,Dixie,1 1ST DIST. COM. BLDG,59,42,https://enr.electionsfl.org/DIX/3988/Precincts/57833/
DIX,Dixie,10 COUNTY BLDG 292 Ave,8,10,https://enr.electionsfl.org/DIX/3988/Precincts/57833/
DIX,Dixie,11 JENA COM. CENTER,7,16,https://enr.electionsfl.org/DIX/3988/Precincts/57833/
DIX,Dixie,12 HORSESHOE BCH CITY HALL,8,9,https://enr.electionsfl.org/DIX/3988/Precincts/57833/
DIX,Dixie,2 MASONIC LODGE,23,12,https://enr.electionsfl.org/DIX/3988/Precincts/57833/
DIX,Dixie,4 SUWANNEE RIVER BAPTIST,80,59,https://enr.electionsfl.org/DIX/3988/Precincts/57833/
DIX,Dixie,5 SUWANNEE COM. CENTER,6,4,https://enr.electionsfl.org/DIX/3988/Precincts/57833/
DIX,Dixie,6 COM. BUILDING HWY 55A,27,14,https://enr.electionsfl.org/DIX/3988/Precincts/57833/
DIX,Dixie,7 CO BLDG WARD AVE,14,10,https://enr.electionsfl.org/DIX/3988/Precincts/57833/
DIX,Dixie,9 CITY HALL,106,34,https://enr.electionsfl.org/DIX/3988/Precincts/57833/
DUV,Duval,1001,885,36,https://enr.electionsfl.org/DUV/4003/Precincts/58175/
DUV,Duval,1002,1085,40,https://enr.electionsfl.org/DUV/4003/Precincts/58175/
DUV,Duval,1003,1304,80,https://enr.electionsfl.org/DUV/4003/Precincts/58175/
DUV,Duval,1004,259,14,https://enr.electionsfl.org/DUV/4003/Precincts/58175/
DUV,Duval,1005,1269,52,https://enr.electionsfl.org/DUV/4003/Precincts/58175/
DUV,Duval,1006,190,15,https://enr.electionsfl.org/DUV/4003/Precincts/58175/
DUV,Duval,1007,511,55,https://enr.electionsfl.org/DUV/4003/Precincts/58175/
DUV,Duval,1008,457,13,https://enr.electionsfl.org/DUV/4003/Precincts/58175/
DUV,Duval,1009,572,17,https://enr.electionsfl.org/DUV/4003/Precincts/58175/
DUV,Duval,101,282,57,https://enr.electionsfl.org/DUV/4003/Precincts/58175/
DUV,Duval,1010,373,26,https://enr.electionsfl.org/DUV/4003/Precincts/58175/
DUV,Duval,1011,184,10,https://enr.electionsfl.org/DUV/4003/Precincts/58175/
DUV,Duval,1012,501,38,https://enr.electionsfl.org/DUV/4003/Precincts/58175/
DUV,Duval,102,311,63,https://enr.electionsfl.org/DUV/4003/Precincts/58175/
DUV,Duval,103,117,23,https://enr.electionsfl.org/DUV/4003/Precincts/58175/
DUV,Duval,104,491,72,https://enr.electionsfl.org/DUV/4003/Precincts/58175/
DUV,Duval,105,567,100,https://enr.electionsfl.org/DUV/4003/Precincts/58175/
DUV,Duval,106,418,86,https://enr.electionsfl.org/DUV/4003/Precincts/58175/
DUV,Duval,107,310,45,https://enr.electionsfl.org/DUV/4003/Precincts/58175/
DUV,Duval,108,92,33,https://enr.electionsfl.org/DUV/4003/Precincts/58175/
DUV,Duval,109,175,95,https://enr.electionsfl.org/DUV/4003/Precincts/58175/
DUV,Duval,110,325,109,https://enr.electionsfl.org/DUV/4003/Precincts/58175/
DUV,Duval,1101,318,97,https://enr.electionsfl.org/DUV/4003/Precincts/58175/
DUV,Duval,1102,338,85,https://enr.electionsfl.org/DUV/4003/Precincts/58175/
DUV,Duval,1104,309,160,https://enr.electionsfl.org/DUV/4003/Precincts/58175/
DUV,Duval,1105,255,73,https://enr.electionsfl.org/DUV/4003/Precincts/58175/
DUV,Duval,1106,435,238,https://enr.electionsfl.org/DUV/4003/Precincts/58175/
DUV,Duval,1107,420,150,https://enr.electionsfl.org/DUV/4003/Precincts/58175/
DUV,Duval,1108,310,153,https://enr.electionsfl.org/DUV/4003/Precincts/58175/
DUV,Duval,1109,59,75,https://enr.electionsfl.org/DUV/4003/Precincts/58175/
DUV,Duval,111,151,31,https://enr.electionsfl.org/DUV/4003/Precincts/58175/
DUV,Duval,1110,381,98,https://enr.electionsfl.org/DUV/4003/Precincts/58175/
DUV,Duval,1111,102,133,https://enr.electionsfl.org/DUV/4003/Precincts/58175/
DUV,Duval,1112,260,100,https://enr.electionsfl.org/DUV/4003/Precincts/58175/
DUV,Duval,1201,78,27,https://enr.electionsfl.org/DUV/4003/Precincts/58175/
DUV,Duval,1202,436,55,https://enr.electionsfl.org/DUV/4003/Precincts/58175/
DUV,Duval,1203,116,27,https://enr.electionsfl.org/DUV/4003/Precincts/58175/
DUV,Duval,1204,176,34,https://enr.electionsfl.org/DUV/4003/Precincts/58175/
DUV,Duval,1205,606,104,https://enr.electionsfl.org/DUV/4003/Precincts/58175/
DUV,Duval,1206,490,64,https://enr.electionsfl.org/DUV/4003/Precincts/58175/
DUV,Duval,1207,58,6,https://enr.electionsfl.org/DUV/4003/Precincts/58175/
DUV,Duval,1208,532,54,https://enr.electionsfl.org/DUV/4003/Precincts/58175/
DUV,Duval,1209,152,50,https://enr.electionsfl.org/DUV/4003/Precincts/58175/
DUV,Duval,1210,124,28,https://enr.electionsfl.org/DUV/4003/Precincts/58175/
DUV,Duval,1211,585,50,https://enr.electionsfl.org/DUV/4003/Precincts/58175/
DUV,Duval,1212,944,94,https://enr.electionsfl.org/DUV/4003/Precincts/58175/
DUV,Duval,1301,317,292,https://enr.electionsfl.org/DUV/4003/Precincts/58175/
DUV,Duval,1302,123,72,https://enr.electionsfl.org/DUV/4003/Precincts/58175/
DUV,Duval,1303,57,11,https://enr.electionsfl.org/DUV/4003/Precincts/58175/
DUV,Duval,1304,273,186,https://enr.electionsfl.org/DUV/4003/Precincts/58175/
DUV,Duval,1305,303,232,https://enr.electionsfl.org/DUV/4003/Precincts/58175/
DUV,Duval,1306,176,135,https://enr.electionsfl.org/DUV/4003/Precincts/58175/
DUV,Duval,1307,189,200,https://enr.electionsfl.org/DUV/4003/Precincts/58175/
DUV,Duval,1308,170,146,https://enr.electionsfl.org/DUV/4003/Precincts/58175/
DUV,Duval,1309,285,127,https://enr.electionsfl.org/DUV/4003/Precincts/58175/
DUV,Duval,1310,278,177,https://enr.electionsfl.org/DUV/4003/Precincts/58175/
DUV,Duval,1311,322,171,https://enr.electionsfl.org/DUV/4003/Precincts/58175/
DUV,Duval,1312,165,46,https://enr.electionsfl.org/DUV/4003/Precincts/58175/
DUV,Duval,1401,398,79,https://enr.electionsfl.org/DUV/4003/Precincts/58175/
DUV,Duval,1402,399,119,https://enr.electionsfl.org/DUV/4003/Precincts/58175/
DUV,Duval,1403,421,70,https://enr.electionsfl.org/DUV/4003/Precincts/58175/
DUV,Duval,1404,499,79,https://enr.electionsfl.org/DUV/4003/Precincts/58175/
DUV,Duval,1405,250,39,https://enr.electionsfl.org/DUV/4003/Precincts/58175/
DUV,Duval,1406,397,72,https://enr.electionsfl.org/DUV/4003/Precincts/58175/
DUV,Duval,1407,271,47,https://enr.electionsfl.org/DUV/4003/Precincts/58175/
DUV,Duval,1409,311,44,https://enr.electionsfl.org/DUV/4003/Precincts/58175/
DUV,Duval,1410,389,78,https://enr.electionsfl.org/DUV/4003/Precincts/58175/
DUV,Duval,1411,331,49,https://enr.electionsfl.org/DUV/4003/Precincts/58175/
DUV,Duval,201,510,99,https://enr.electionsfl.org/DUV/4003/Precincts/58175/
DUV,Duval,202,331,106,https://enr.electionsfl.org/DUV/4003/Precincts/58175/
DUV,Duval,203,498,81,https://enr.electionsfl.org/DUV/4003/Precincts/58175/
DUV,Duval,204,195,48,https://enr.electionsfl.org/DUV/4003/Precincts/58175/
DUV,Duval,205,167,36,https://enr.electionsfl.org/DUV/4003/Precincts/58175/
DUV,Duval,206,267,137,https://enr.electionsfl.org/DUV/4003/Precincts/58175/
DUV,Duval,207,482,156,https://enr.electionsfl.org/DUV/4003/Precincts/58175/
DUV,Duval,208,134,53,https://enr.electionsfl.org/DUV/4003/Precincts/58175/
DUV,Duval,209,123,61,https://enr.electionsfl.org/DUV/4003/Precincts/58175/
DUV,Duval,210,39,24,https://enr.electionsfl.org/DUV/4003/Precincts/58175/
DUV,Duval,211,406,74,https://enr.electionsfl.org/DUV/4003/Precincts/58175/
DUV,Duval,212,14,14,https://enr.electionsfl.org/DUV/4003/Precincts/58175/
DUV,Duval,301,65,76,https://enr.electionsfl.org/DUV/4003/Precincts/58175/
DUV,Duval,302,127,50,https://enr.electionsfl.org/DUV/4003/Precincts/58175/
DUV,Duval,303,390,122,https://enr.electionsfl.org/DUV/4003/Precincts/58175/
DUV,Duval,304,165,145,https://enr.electionsfl.org/DUV/4003/Precincts/58175/
DUV,Duval,305,286,155,https://enr.electionsfl.org/DUV/4003/Precincts/58175/
DUV,Duval,306,552,177,https://enr.electionsfl.org/DUV/4003/Precincts/58175/
DUV,Duval,307,26,20,https://enr.electionsfl.org/DUV/4003/Precincts/58175/
DUV,Duval,308,104,56,https://enr.electionsfl.org/DUV/4003/Precincts/58175/
DUV,Duval,309,189,51,https://enr.electionsfl.org/DUV/4003/Precincts/58175/
DUV,Duval,310,160,186,https://enr.electionsfl.org/DUV/4003/Precincts/58175/
DUV,Duval,311,151,44,https://enr.electionsfl.org/DUV/4003/Precincts/58175/
DUV,Duval,312,323,130,https://enr.electionsfl.org/DUV/4003/Precincts/58175/
DUV,Duval,401,69,27,https://enr.electionsfl.org/DUV/4003/Precincts/58175/
DUV,Duval,402,107,39,https://enr.electionsfl.org/DUV/4003/Precincts/58175/
DUV,Duval,403,131,36,https://enr.electionsfl.org/DUV/4003/Precincts/58175/
DUV,Duval,404,229,86,https://enr.electionsfl.org/DUV/4003/Precincts/58175/
DUV,Duval,405,340,54,https://enr.electionsfl.org/DUV/4003/Precincts/58175/
DUV,Duval,406,306,96,https://enr.electionsfl.org/DUV/4003/Precincts/58175/
DUV,Duval,407,368,153,https://enr.electionsfl.org/DUV/4003/Precincts/58175/
DUV,Duval,408,189,60,https://enr.electionsfl.org/DUV/4003/Precincts/58175/
DUV,Duval,409,135,43,https://enr.electionsfl.org/DUV/4003/Precincts/58175/
DUV,Duval,410,292,77,https://enr.electionsfl.org/DUV/4003/Precincts/58175/
DUV,Duval,501,278,172,https://enr.electionsfl.org/DUV/4003/Precincts/58175/
DUV,Duval,502,301,78,https://enr.electionsfl.org/DUV/4003/Precincts/58175/
DUV,Duval,503,284,67,https://enr.electionsfl.org/DUV/4003/Precincts/58175/
DUV,Duval,504,216,100,https://enr.electionsfl.org/DUV/4003/Precincts/58175/
DUV,Duval,505,292,144,https://enr.electionsfl.org/DUV/4003/Precincts/58175/
DUV,Duval,506,143,32,https://enr.electionsfl.org/DUV/4003/Precincts/58175/
DUV,Duval,507,344,197,https://enr.electionsfl.org/DUV/4003/Precincts/58175/
DUV,Duval,508,335,236,https://enr.electionsfl.org/DUV/4003/Precincts/58175/
DUV,Duval,509,172,53,https://enr.electionsfl.org/DUV/4003/Precincts/58175/
DUV,Duval,510,413,176,https://enr.electionsfl.org/DUV/4003/Precincts/58175/
DUV,Duval,511,250,97,https://enr.electionsfl.org/DUV/4003/Precincts/58175/
DUV,Duval,601,149,108,https://enr.electionsfl.org/DUV/4003/Precincts/58175/
DUV,Duval,602,252,125,https://enr.electionsfl.org/DUV/4003/Precincts/58175/
DUV,Duval,603,336,287,https://enr.electionsfl.org/DUV/4003/Precincts/58175/
DUV,Duval,604,57,66,https://enr.electionsfl.org/DUV/4003/Precincts/58175/
DUV,Duval,605,177,121,https://enr.electionsfl.org/DUV/4003/Precincts/58175/
DUV,Duval,606,266,192,https://enr.electionsfl.org/DUV/4003/Precincts/58175/
DUV,Duval,607,194,86,https://enr.electionsfl.org/DUV/4003/Precincts/58175/
DUV,Duval,608,217,94,https://enr.electionsfl.org/DUV/4003/Precincts/58175/
DUV,Duval,609,121,50,https://enr.electionsfl.org/DUV/4003/Precincts/58175/
DUV,Duval,610,241,157,https://enr.electionsfl.org/DUV/4003/Precincts/58175/
DUV,Duval,611,257,104,https://enr.electionsfl.org/DUV/4003/Precincts/58175/
DUV,Duval,612,340,194,https://enr.electionsfl.org/DUV/4003/Precincts/58175/
DUV,Duval,701,323,47,https://enr.electionsfl.org/DUV/4003/Precincts/58175/
DUV,Duval,702,511,22,https://enr.electionsfl.org/DUV/4003/Precincts/58175/
DUV,Duval,703,625,82,https://enr.electionsfl.org/DUV/4003/Precincts/58175/
DUV,Duval,704,471,41,https://enr.electionsfl.org/DUV/4003/Precincts/58175/
DUV,Duval,705,145,68,https://enr.electionsfl.org/DUV/4003/Precincts/58175/
DUV,Duval,706,492,13,https://enr.electionsfl.org/DUV/4003/Precincts/58175/
DUV,Duval,707,598,190,https://enr.electionsfl.org/DUV/4003/Precincts/58175/
DUV,Duval,708,433,69,https://enr.electionsfl.org/DUV/4003/Precincts/58175/
DUV,Duval,709,548,246,https://enr.electionsfl.org/DUV/4003/Precincts/58175/
DUV,Duval,710,621,201,https://enr.electionsfl.org/DUV/4003/Precincts/58175/
DUV,Duval,711,259,187,https://enr.electionsfl.org/DUV/4003/Precincts/58175/
DUV,Duval,712,738,94,https://enr.electionsfl.org/DUV/4003/Precincts/58175/
DUV,Duval,801,550,76,https://enr.electionsfl.org/DUV/4003/Precincts/58175/
DUV,Duval,802,628,45,https://enr.electionsfl.org/DUV/4003/Precincts/58175/
DUV,Duval,803,1062,78,https://enr.electionsfl.org/DUV/4003/Precincts/58175/
DUV,Duval,804,1141,89,https://enr.electionsfl.org/DUV/4003/Precincts/58175/
DUV,Duval,805,220,26,https://enr.electionsfl.org/DUV/4003/Precincts/58175/
DUV,Duval,806,657,61,https://enr.electionsfl.org/DUV/4003/Precincts/58175/
DUV,Duval,807,1408,103,https://enr.electionsfl.org/DUV/4003/Precincts/58175/
DUV,Duval,808,503,41,https://enr.electionsfl.org/DUV/4003/Precincts/58175/
DUV,Duval,809,913,59,https://enr.electionsfl.org/DUV/4003/Precincts/58175/
DUV,Duval,810,440,35,https://enr.electionsfl.org/DUV/4003/Precincts/58175/
DUV,Duval,811,390,59,https://enr.electionsfl.org/DUV/4003/Precincts/58175/
DUV,Duval,901,125,9,https://enr.electionsfl.org/DUV/4003/Precincts/58175/
DUV,Duval,902,300,39,https://enr.electionsfl.org/DUV/4003/Precincts/58175/
DUV,Duval,903,602,73,https://enr.electionsfl.org/DUV/4003/Precincts/58175/
DUV,Duval,904,538,55,https://enr.electionsfl.org/DUV/4003/Precincts/58175/
DUV,Duval,905,162,35,https://enr.electionsfl.org/DUV/4003/Precincts/58175/
DUV,Duval,906,26,2,https://enr.electionsfl.org/DUV/4003/Precincts/58175/
DUV,Duval,907,367,89,https://enr.electionsfl.org/DUV/4003/Precincts/58175/
DUV,Duval,908,324,41,https://enr.electionsfl.org/DUV/4003/Precincts/58175/
DUV,Duval,909,104,5,https://enr.electionsfl.org/DUV/4003/Precincts/58175/
DUV,Duval,910,285,10,https://enr.electionsfl.org/DUV/4003/Precincts/58175/
DUV,Duval,911,385,18,https://enr.electionsfl.org/DUV/4003/Precincts/58175/
GAD,Gadsden,Assembly of God,121,49,https://enr.electionsfl.org/GAD/4009/Precincts/58740/
GAD,Gadsden,Centenary Church,250,104,https://enr.electionsfl.org/GAD/4009/Precincts/58740/
GAD,Gadsden,Chattahoochee REC Center,184,61,https://enr.electionsfl.org/GAD/4009/Precincts/58740/
GAD,Gadsden,Concordia Baptist Church,107,46,https://enr.electionsfl.org/GAD/4009/Precincts/58740/
GAD,Gadsden,Elizabeth A.M.E. Church,69,21,https://enr.electionsfl.org/GAD/4009/Precincts/58740/
GAD,Gadsden,Everybody's Church,746,99,https://enr.electionsfl.org/GAD/4009/Precincts/58740/
GAD,Gadsden,FAMU Research Center,462,75,https://enr.electionsfl.org/GAD/4009/Precincts/58740/
GAD,Gadsden,Green Shade A.M.E. Church,88,37,https://enr.electionsfl.org/GAD/4009/Precincts/58740/
GAD,Gadsden,Greensboro Town Hall,80,29,https://enr.electionsfl.org/GAD/4009/Precincts/58740/
GAD,Gadsden,Gretna City Hall,350,82,https://enr.electionsfl.org/GAD/4009/Precincts/58740/
GAD,Gadsden,Havana Public Library,396,104,https://enr.electionsfl.org/GAD/4009/Precincts/58740/
GAD,Gadsden,Hopewell Church,133,99,https://enr.electionsfl.org/GAD/4009/Precincts/58740/
GAD,Gadsden,Mt. Pleasant Fire Dept.,88,31,https://enr.electionsfl.org/GAD/4009/Precincts/58740/
GAD,Gadsden,National Guard Armory,205,41,https://enr.electionsfl.org/GAD/4009/Precincts/58740/
GAD,Gadsden,New Bethel A.M.E. Church,337,52,https://enr.electionsfl.org/GAD/4009/Precincts/58740/
GAD,Gadsden,Quncy Recreation Center,681,95,https://enr.electionsfl.org/GAD/4009/Precincts/58740/
GAD,Gadsden,Second Elizabeth Church,176,44,https://enr.electionsfl.org/GAD/4009/Precincts/58740/
GAD,Gadsden,Shiloh Church,116,37,https://enr.electionsfl.org/GAD/4009/Precincts/58740/
GAD,Gadsden,St. James Baptist Church,72,58,https://enr.electionsfl.org/GAD/4009/Precincts/58740/
GAD,Gadsden,St. Joseph MBC,155,12,https://enr.electionsfl.org/GAD/4009/Precincts/58740/
GAD,Gadsden,St. Matthew Church,251,55,https://enr.electionsfl.org/GAD/4009/Precincts/58740/
GAD,Gadsden,Sycamore Methodist Ch.,47,19,https://enr.electionsfl.org/GAD/4009/Precincts/58740/
GAD,Gadsden,The Livestock Pavilion,101,23,https://enr.electionsfl.org/GAD/4009/Precincts/58740/
GAD,Gadsden,Union Chapel A.M.E. Church,151,44,https://enr.electionsfl.org/GAD/4009/Precincts/58740/
GAD,Gadsden,Wetumpka Fire Department,109,50,https://enr.electionsfl.org/GAD/4009/Precincts/58740/
GIL,Gilchrist,1A Trenton Center,28,19,https://enr.electionsfl.org/GIL/3987/Precincts/57797/
GIL,Gilchrist,1B County Library,10,11,https://enr.electionsfl.org/GIL/3987/Precincts/57797/
GIL,Gilchrist,1C County Library,40,19,https://enr.electionsfl.org/GIL/3987/Precincts/57797/
GIL,Gilchrist,2A Donnie Center,35,31,https://enr.electionsfl.org/GIL/3987/Precincts/57797/
GIL,Gilchrist,3A Bell Community Center,28,26,https://enr.electionsfl.org/GIL/3987/Precincts/57797/
GIL,Gilchrist,4A Cruse Center,30,22,https://enr.electionsfl.org/GIL/3987/Precincts/57797/
GIL,Gilchrist,5A N Gilchrist Fire Station,13,22,https://enr.electionsfl.org/GIL/3987/Precincts/57797/
GIL,Gilchrist,6A Osteen Center,43,35,https://enr.electionsfl.org/GIL/3987/Precincts/57797/
GIL,Gilchrist,7A Osceola Center,26,34,https://enr.electionsfl.org/GIL/3987/Precincts/57797/
GIL,Gilchrist,8A Southeast Center,24,26,https://enr.electionsfl.org/GIL/3987/Precincts/57797/
GLA,Glades,1,16,2,https://enr.electionsfl.org/GLA/3978/Precincts/58581/
GLA,Glades,10,11,7,https://enr.electionsfl.org/GLA/3978/Precincts/58581/
GLA,Glades,11,7,4,https://enr.electionsfl.org/GLA/3978/Precincts/58581/
GLA,Glades,12,28,6,https://enr.electionsfl.org/GLA/3978/Precincts/58581/
GLA,Glades,13,28,35,https://enr.electionsfl.org/GLA/3978/Precincts/58581/
GLA,Glades,2,15,20,https://enr.electionsfl.org/GLA/3978/Precincts/58581/
GLA,Glades,3,97,20,https://enr.electionsfl.org/GLA/3978/Precincts/58581/
GLA,Glades,4,6,10,https://enr.electionsfl.org/GLA/3978/Precincts/58581/
GLA,Glades,5,27,12,https://enr.electionsfl.org/GLA/3978/Precincts/58581/
GLA,Glades,6,9,3,https://enr.electionsfl.org/GLA/3978/Precincts/58581/
GLA,Glades,7,14,8,https://enr.electionsfl.org/GLA/3978/Precincts/58581/
GLA,Glades,8,30,30,https://enr.electionsfl.org/GLA/3978/Precincts/58581/
GLA,Glades,9,1,5,https://enr.electionsfl.org/GLA/3978/Precincts/58581/
GUL,Gulf,Cape San Blas Fire Station,14,43,https://enr.electionsfl.org/GUL/4044/Precincts/59409/
GUL,Gulf,Centennial Building,52,38,https://enr.electionsfl.org/GUL/4044/Precincts/59409/
GUL,Gulf,Highland View Fire Station,25,12,https://enr.electionsfl.org/GUL/4044/Precincts/59409/
GUL,Gulf,Honeyville Community Center,84,35,https://enr.electionsfl.org/GUL/4044/Precincts/59409/
GUL,Gulf,Howard Creek Fire Station,1,9,https://enr.electionsfl.org/GUL/4044/Precincts/59409/
GUL,Gulf,Overstreet Fire Station,18,18,https://enr.electionsfl.org/GUL/4044/Precincts/59409/
GUL,Gulf,Port St Joe Fire Station,253,45,https://enr.electionsfl.org/GUL/4044/Precincts/59409/
GUL,Gulf,St. Joe Beach Fire Station,36,29,https://enr.electionsfl.org/GUL/4044/Precincts/59409/
GUL,Gulf,Wewahitchka Public Library,42,27,https://enr.electionsfl.org/GUL/4044/Precincts/59409/
GUL,Gulf,White City Fire Station,14,5,https://enr.electionsfl.org/GUL/4044/Precincts/59409/
HAR,Hardee,1 - FORT GREEN BAPTIST CHURCH,6,11,https://enr.electionsfl.org/HAR/3946/Precincts/58927/
HAR,Hardee,10 - WAUCHULA CITY HALL,28,20,https://enr.electionsfl.org/HAR/3946/Precincts/58927/
HAR,Hardee,11 - PRECO BUILDING,32,14,https://enr.electionsfl.org/HAR/3946/Precincts/58927/
HAR,Hardee,12 - WAUCHULA CIVIC CENTER,22,21,https://enr.electionsfl.org/HAR/3946/Precincts/58927/
HAR,Hardee,2 - GATEWAY CHURCH,53,32,https://enr.electionsfl.org/HAR/3946/Precincts/58927/
HAR,Hardee,3 - COUNCIL CHAMBERS BOWLING GREEN,23,10,https://enr.electionsfl.org/HAR/3946/Precincts/58927/
HAR,Hardee,4 - FIRST UNITED METHODIST CHURCH WAUC,22,9,https://enr.electionsfl.org/HAR/3946/Precincts/58927/
HAR,Hardee,5 - IGLESIA PENTECOSTES VISION POR LAS ALMAS,14,2,https://enr.electionsfl.org/HAR/3946/Precincts/58927/
HAR,Hardee,6 - COURTHOUSE ANNEX,17,10,https://enr.electionsfl.org/HAR/3946/Precincts/58927/
HAR,Hardee,7 - ZOLFO SPRINGS CIVIC CENTER,49,45,https://enr.electionsfl.org/HAR/3946/Precincts/58927/
HAR,Hardee,8 - 1ST MISSIONARY BAPTIST CHURCH,49,9,https://enr.electionsfl.org/HAR/3946/Precincts/58927/
HAR,Hardee,9 - NEW HOPE BAPTIST CHURCH,27,22,https://enr.electionsfl.org/HAR/3946/Precincts/58927/
HEN,Hendry,1,298,69,https://enr.electionsfl.org/HEN/3983/Precincts/58563/
HEN,Hendry,10,36,31,https://enr.electionsfl.org/HEN/3983/Precincts/58563/
HEN,Hendry,2,156,115,https://enr.electionsfl.org/HEN/3983/Precincts/58563/
HEN,Hendry,3,98,63,https://enr.electionsfl.org/HEN/3983/Precincts/58563/
HEN,Hendry,4,15,6,https://enr.electionsfl.org/HEN/3983/Precincts/58563/
HEN,Hendry,5,16,7,https://enr.electionsfl.org/HEN/3983/Precincts/58563/
HEN,Hendry,6,32,26,https://enr.electionsfl.org/HEN/3983/Precincts/58563/
HEN,Hendry,7,44,53,https://enr.electionsfl.org/HEN/3983/Precincts/58563/
HEN,Hendry,8,20,11,https://enr.electionsfl.org/HEN/3983/Precincts/58563/
HEN,Hendry,9,142,64,https://enr.electionsfl.org/HEN/3983/Precincts/58563/
HER,Hernando,100,102,92,https://enr.electionsfl.org/HER/4046/Precincts/59495/
HER,Hernando,110,210,135,https://enr.electionsfl.org/HER/4046/Precincts/59495/
HER,Hernando,120,217,127,https://enr.electionsfl.org/HER/4046/Precincts/59495/
HER,Hernando,130,117,109,https://enr.electionsfl.org/HER/4046/Precincts/59495/
HER,Hernando,140,115,114,https://enr.electionsfl.org/HER/4046/Precincts/59495/
HER,Hernando,150,91,97,https://enr.electionsfl.org/HER/4046/Precincts/59495/
HER,Hernando,160,153,146,https://enr.electionsfl.org/HER/4046/Precincts/59495/
HER,Hernando,200,46,71,https://enr.electionsfl.org/HER/4046/Precincts/59495/
HER,Hernando,210,96,151,https://enr.electionsfl.org/HER/4046/Precincts/59495/
HER,Hernando,220,260,178,https://enr.electionsfl.org/HER/4046/Precincts/59495/
HER,Hernando,230,124,314,https://enr.electionsfl.org/HER/4046/Precincts/59495/
HER,Hernando,240,207,164,https://enr.electionsfl.org/HER/4046/Precincts/59495/
HER,Hernando,250,210,169,https://enr.electionsfl.org/HER/4046/Precincts/59495/
HER,Hernando,300,146,229,https://enr.electionsfl.org/HER/4046/Precincts/59495/
HER,Hernando,310,254,253,https://enr.electionsfl.org/HER/4046/Precincts/59495/
HER,Hernando,320,100,104,https://enr.electionsfl.org/HER/4046/Precincts/59495/
HER,Hernando,330,110,94,https://enr.electionsfl.org/HER/4046/Precincts/59495/
HER,Hernando,340,213,218,https://enr.electionsfl.org/HER/4046/Precincts/59495/
HER,Hernando,350,104,111,https://enr.electionsfl.org/HER/4046/Precincts/59495/
HER,Hernando,360,144,136,https://enr.electionsfl.org/HER/4046/Precincts/59495/
HER,Hernando,400,155,148,https://enr.electionsfl.org/HER/4046/Precincts/59495/
HER,Hernando,410,82,128,https://enr.electionsfl.org/HER/4046/Precincts/59495/
HER,Hernando,420,112,166,https://enr.electionsfl.org/HER/4046/Precincts/59495/
HER,Hernando,430,259,234,https://enr.electionsfl.org/HER/4046/Precincts/59495/
HER,Hernando,440,256,158,https://enr.electionsfl.org/HER/4046/Precincts/59495/
HER,Hernando,450,204,171,https://enr.electionsfl.org/HER/4046/Precincts/59495/
HER,Hernando,500,61,78,https://enr.electionsfl.org/HER/4046/Precincts/59495/
HER,Hernando,510,225,253,https://enr.electionsfl.org/HER/4046/Precincts/59495/
HER,Hernando,520,246,222,https://enr.electionsfl.org/HER/4046/Precincts/59495/
HER,Hernando,530,83,88,https://enr.electionsfl.org/HER/4046/Precincts/59495/
HER,Hernando,540,158,120,https://enr.electionsfl.org/HER/4046/Precincts/59495/
HER,Hernando,550,105,143,https://enr.electionsfl.org/HER/4046/Precincts/59495/
HIG,Highlands,Precinct 1,87,34,https://enr.electionsfl.org/HIG/4037/Precincts/59460/
HIG,Highlands,Precinct 10,43,54,https://enr.electionsfl.org/HIG/4037/Precincts/59460/
HIG,Highlands,Precinct 11,46,28,https://enr.electionsfl.org/HIG/4037/Precincts/59460/
HIG,Highlands,Precinct 12,12,21,https://enr.electionsfl.org/HIG/4037/Precincts/59460/
HIG,Highlands,Precinct 13,95,119,https://enr.electionsfl.org/HIG/4037/Precincts/59460/
HIG,Highlands,Precinct 14,3,6,https://enr.electionsfl.org/HIG/4037/Precincts/59460/
HIG,Highlands,Precinct 15,132,151,https://enr.electionsfl.org/HIG/4037/Precincts/59460/
HIG,Highlands,Precinct 16,95,91,https://enr.electionsfl.org/HIG/4037/Precincts/59460/
HIG,Highlands,Precinct 17,123,156,https://enr.electionsfl.org/HIG/4037/Precincts/59460/
HIG,Highlands,Precinct 18,6,2,https://enr.electionsfl.org/HIG/4037/Precincts/59460/
HIG,Highlands,Precinct 19,105,68,https://enr.electionsfl.org/HIG/4037/Precincts/59460/
HIG,Highlands,Precinct 2,172,59,https://enr.electionsfl.org/HIG/4037/Precincts/59460/
HIG,Highlands,Precinct 20,58,55,https://enr.electionsfl.org/HIG/4037/Precincts/59460/
HIG,Highlands,Precinct 21,56,55,https://enr.electionsfl.org/HIG/4037/Precincts/59460/
HIG,Highlands,Precinct 22,6,6,https://enr.electionsfl.org/HIG/4037/Precincts/59460/
HIG,Highlands,Precinct 23,17,20,https://enr.electionsfl.org/HIG/4037/Precincts/59460/
HIG,Highlands,Precinct 24,44,90,https://enr.electionsfl.org/HIG/4037/Precincts/59460/
HIG,Highlands,Precinct 25,105,132,https://enr.electionsfl.org/HIG/4037/Precincts/59460/
HIG,Highlands,Precinct 3,22,54,https://enr.electionsfl.org/HIG/4037/Precincts/59460/
HIG,Highlands,Precinct 4,137,143,https://enr.electionsfl.org/HIG/4037/Precincts/59460/
HIG,Highlands,Precinct 5,122,138,https://enr.electionsfl.org/HIG/4037/Precincts/59460/
HIG,Highlands,Precinct 6,38,54,https://enr.electionsfl.org/HIG/4037/Precincts/59460/
HIG,Highlands,Precinct 7,43,14,https://enr.electionsfl.org/HIG/4037/Precincts/59460/
HIG,Highlands,Precinct 8,57,38,https://enr.electionsfl.org/HIG/4037/Precincts/59460/
HIG,Highlands,Precinct 9,81,20,https://enr.electionsfl.org/HIG/4037/Precincts/59460/
HOL,Holmes,Bethlehem,26,25,https://enr.electionsfl.org/HOL/4040/Precincts/59291/
HOL,Holmes,East Bonifay,31,18,https://enr.electionsfl.org/HOL/4040/Precincts/59291/
HOL,Holmes,Gritney,7,5,https://enr.electionsfl.org/HOL/4040/Precincts/59291/
HOL,Holmes,New Hope,31,20,https://enr.electionsfl.org/HOL/4040/Precincts/59291/
HOL,Holmes,Noma,35,23,https://enr.electionsfl.org/HOL/4040/Precincts/59291/
HOL,Holmes,Pine Log,26,21,https://enr.electionsfl.org/HOL/4040/Precincts/59291/
HOL,Holmes,Ponce de Leon,21,10,https://enr.electionsfl.org/HOL/4040/Precincts/59291/
HOL,Holmes,West Bonifay,47,20,https://enr.electionsfl.org/HOL/4040/Precincts/59291/
IND,Indian River,Precinct 1,3,0,https://enr.electionsfl.org/IND/4032/Precincts/59194/
IND,Indian River,Precinct 10,132,176,https://enr.electionsfl.org/IND/4032/Precincts/59194/
IND,Indian River,Precinct 11,58,73,https://enr.electionsfl.org/IND/4032/Precincts/59194/
IND,Indian River,Precinct 12,0,1,https://enr.electionsfl.org/IND/4032/Precincts/59194/
IND,Indian River,Precinct 13,123,166,https://enr.electionsfl.org/IND/4032/Precincts/59194/
IND,Indian River,Precinct 14,38,45,https://enr.electionsfl.org/IND/4032/Precincts/59194/
IND,Indian River,Precinct 15,1,14,https://enr.electionsfl.org/IND/4032/Precincts/59194/
IND,Indian River,Precinct 16,163,347,https://enr.electionsfl.org/IND/4032/Precincts/59194/
IND,Indian River,Precinct 17,84,215,https://enr.electionsfl.org/IND/4032/Precincts/59194/
IND,Indian River,Precinct 18,311,240,https://enr.electionsfl.org/IND/4032/Precincts/59194/
IND,Indian River,Precinct 19,222,386,https://enr.electionsfl.org/IND/4032/Precincts/59194/
IND,Indian River,Precinct 2,56,20,https://enr.electionsfl.org/IND/4032/Precincts/59194/
IND,Indian River,Precinct 20,161,127,https://enr.electionsfl.org/IND/4032/Precincts/59194/
IND,Indian River,Precinct 21,21,30,https://enr.electionsfl.org/IND/4032/Precincts/59194/
IND,Indian River,Precinct 22,71,129,https://enr.electionsfl.org/IND/4032/Precincts/59194/
IND,Indian River,Precinct 23,172,272,https://enr.electionsfl.org/IND/4032/Precincts/59194/
IND,Indian River,Precinct 24,59,59,https://enr.electionsfl.org/IND/4032/Precincts/59194/
IND,Indian River,Precinct 25,185,311,https://enr.electionsfl.org/IND/4032/Precincts/59194/
IND,Indian River,Precinct 26,146,166,https://enr.electionsfl.org/IND/4032/Precincts/59194/
IND,Indian River,Precinct 27,138,246,https://enr.electionsfl.org/IND/4032/Precincts/59194/
IND,Indian River,Precinct 28,344,381,https://enr.electionsfl.org/IND/4032/Precincts/59194/
IND,Indian River,Precinct 29,47,193,https://enr.electionsfl.org/IND/4032/Precincts/59194/
IND,Indian River,Precinct 3,26,18,https://enr.electionsfl.org/IND/4032/Precincts/59194/
IND,Indian River,Precinct 30,5,29,https://enr.electionsfl.org/IND/4032/Precincts/59194/
IND,Indian River,Precinct 31,9,58,https://enr.electionsfl.org/IND/4032/Precincts/59194/
IND,Indian River,Precinct 32,29,168,https://enr.electionsfl.org/IND/4032/Precincts/59194/
IND,Indian River,Precinct 33,75,214,https://enr.electionsfl.org/IND/4032/Precincts/59194/
IND,Indian River,Precinct 34,46,141,https://enr.electionsfl.org/IND/4032/Precincts/59194/
IND,Indian River,Precinct 35,145,198,https://enr.electionsfl.org/IND/4032/Precincts/59194/
IND,Indian River,Precinct 36,0,0,https://enr.electionsfl.org/IND/4032/Precincts/59194/
IND,Indian River,Precinct 4,129,124,https://enr.electionsfl.org/IND/4032/Precincts/59194/
IND,Indian River,Precinct 5,35,79,https://enr.electionsfl.org/IND/4032/Precincts/59194/
IND,Indian River,Precinct 6,70,97,https://enr.electionsfl.org/IND/4032/Precincts/59194/
IND,Indian River,Precinct 7,134,138,https://enr.electionsfl.org/IND/4032/Precincts/59194/
IND,Indian River,Precinct 8,232,362,https://enr.electionsfl.org/IND/4032/Precincts/59194/
IND,Indian River,Precinct 9,80,98,https://enr.electionsfl.org/IND/4032/Precincts/59194/
JAC,Jackson,Alford Comm Ctr,123,66,https://enr.electionsfl.org/JAC/4048/Precincts/59522/
JAC,Jackson,Campbellton Comm Center,199,51,https://enr.electionsfl.org/JAC/4048/Precincts/59522/
JAC,Jackson,Citizens Lodge,192,102,https://enr.electionsfl.org/JAC/4048/Precincts/59522/
JAC,Jackson,Cottondale First Baptist Ch,121,31,https://enr.electionsfl.org/JAC/4048/Precincts/59522/
JAC,Jackson,Cypress Park,41,16,https://enr.electionsfl.org/JAC/4048/Precincts/59522/
JAC,Jackson,Eastside Baptist Church,109,70,https://enr.electionsfl.org/JAC/4048/Precincts/59522/
JAC,Jackson,Graceville Civic Ctr,114,45,https://enr.electionsfl.org/JAC/4048/Precincts/59522/
JAC,Jackson,Grand Ridge Comm Ctr,67,21,https://enr.electionsfl.org/JAC/4048/Precincts/59522/
JAC,Jackson,Greenwood Town Hall,118,40,https://enr.electionsfl.org/JAC/4048/Precincts/59522/
JAC,Jackson,Malone Joy Club,113,41,https://enr.electionsfl.org/JAC/4048/Precincts/59522/
JAC,Jackson,Penn Ave Ag Complex,254,72,https://enr.electionsfl.org/JAC/4048/Precincts/59522/
JAC,Jackson,Shady Grove Methodist Ch,19,5,https://enr.electionsfl.org/JAC/4048/Precincts/59522/
JAC,Jackson,Sneads City Hall,68,55,https://enr.electionsfl.org/JAC/4048/Precincts/59522/
JAC,Jackson,Welcome Assembly of God Ch,212,59,https://enr.electionsfl.org/JAC/4048/Precincts/59522/
JEF,Jefferson,1,60,30,https://enr.electionsfl.org/JEF/4043/Precincts/59377/
JEF,Jefferson,10,83,56,https://enr.electionsfl.org/JEF/4043/Precincts/59377/
JEF,Jefferson,11,80,44,https://enr.electionsfl.org/JEF/4043/Precincts/59377/
JEF,Jefferson,12,79,21,https://enr.electionsfl.org/JEF/4043/Precincts/59377/
JEF,Jefferson,13,9,5,https://enr.electionsfl.org/JEF/4043/Precincts/59377/
JEF,Jefferson,14,40,2,https://enr.electionsfl.org/JEF/4043/Precincts/59377/
JEF,Jefferson,15,40,31,https://enr.electionsfl.org/JEF/4043/Precincts/59377/
JEF,Jefferson,16,23,2,https://enr.electionsfl.org/JEF/4043/Precincts/59377/
JEF,Jefferson,2,32,21,https://enr.electionsfl.org/JEF/4043/Precincts/59377/
JEF,Jefferson,3,42,3,https://enr.electionsfl.org/JEF/4043/Precincts/59377/
JEF,Jefferson,4,74,39,https://enr.electionsfl.org/JEF/4043/Precincts/59377/
JEF,Jefferson,5,231,34,https://enr.electionsfl.org/JEF/4043/Precincts/59377/
JEF,Jefferson,6,116,19,https://enr.electionsfl.org/JEF/4043/Precincts/59377/
JEF,Jefferson,7,134,26,https://enr.electionsfl.org/JEF/4043/Precincts/59377/
JEF,Jefferson,8,128,60,https://enr.electionsfl.org/JEF/4043/Precincts/59377/
JEF,Jefferson,9,66,79,https://enr.electionsfl.org/JEF/4043/Precincts/59377/
LAF,Lafayette,4th District Community Center,16,21,https://enr.electionsfl.org/LAF/4033/Precincts/59102/
LAF,Lafayette,Airline Community Center,17,12,https://enr.electionsfl.org/LAF/4033/Precincts/59102/
LAF,Lafayette,Day Community Center,20,15,https://enr.electionsfl.org/LAF/4033/Precincts/59102/
LAF,Lafayette,Mayo Community Center - D2,25,10,https://enr.electionsfl.org/LAF/4033/Precincts/59102/
LAF,Lafayette,Mayo Community Center - D5,61,20,https://enr.electionsfl.org/LAF/4033/Precincts/59102/
LAK,Lake,Precinct 100,71,48,https://enr.electionsfl.org/LAK/3996/Precincts/59241/
LAK,Lake,Precinct 103,10,11,https://enr.electionsfl.org/LAK/3996/Precincts/59241/
LAK,Lake,Precinct 105,230,96,https://enr.electionsfl.org/LAK/3996/Precincts/59241/
LAK,Lake,Precinct 110,101,168,https://enr.electionsfl.org/LAK/3996/Precincts/59241/
LAK,Lake,Precinct 115,38,35,https://enr.electionsfl.org/LAK/3996/Precincts/59241/
LAK,Lake,Precinct 120,52,27,https://enr.electionsfl.org/LAK/3996/Precincts/59241/
LAK,Lake,Precinct 125,316,229,https://enr.electionsfl.org/LAK/3996/Precincts/59241/
LAK,Lake,Precinct 130,123,88,https://enr.electionsfl.org/LAK/3996/Precincts/59241/
LAK,Lake,Precinct 135,132,219,https://enr.electionsfl.org/LAK/3996/Precincts/59241/
LAK,Lake,Precinct 140,160,147,https://enr.electionsfl.org/LAK/3996/Precincts/59241/
LAK,Lake,Precinct 145,463,282,https://enr.electionsfl.org/LAK/3996/Precincts/59241/
LAK,Lake,Precinct 150,27,13,https://enr.electionsfl.org/LAK/3996/Precincts/59241/
LAK,Lake,Precinct 155,280,275,https://enr.electionsfl.org/LAK/3996/Precincts/59241/
LAK,Lake,Precinct 165,157,136,https://enr.electionsfl.org/LAK/3996/Precincts/59241/
LAK,Lake,Precinct 170,342,196,https://enr.electionsfl.org/LAK/3996/Precincts/59241/
LAK,Lake,Precinct 175,243,117,https://enr.electionsfl.org/LAK/3996/Precincts/59241/
LAK,Lake,Precinct 180,411,231,https://enr.electionsfl.org/LAK/3996/Precincts/59241/
LAK,Lake,Precinct 185,130,125,https://enr.electionsfl.org/LAK/3996/Precincts/59241/
LAK,Lake,Precinct 200,47,24,https://enr.electionsfl.org/LAK/3996/Precincts/59241/
LAK,Lake,Precinct 205,47,52,https://enr.electionsfl.org/LAK/3996/Precincts/59241/
LAK,Lake,Precinct 210,102,92,https://enr.electionsfl.org/LAK/3996/Precincts/59241/
LAK,Lake,Precinct 215,190,174,https://enr.electionsfl.org/LAK/3996/Precincts/59241/
LAK,Lake,Precinct 220,67,126,https://enr.electionsfl.org/LAK/3996/Precincts/59241/
LAK,Lake,Precinct 225,189,105,https://enr.electionsfl.org/LAK/3996/Precincts/59241/
LAK,Lake,Precinct 230,249,213,https://enr.electionsfl.org/LAK/3996/Precincts/59241/
LAK,Lake,Precinct 235,404,242,https://enr.electionsfl.org/LAK/3996/Precincts/59241/
LAK,Lake,Precinct 240,127,221,https://enr.electionsfl.org/LAK/3996/Precincts/59241/
LAK,Lake,Precinct 245,93,179,https://enr.electionsfl.org/LAK/3996/Precincts/59241/
LAK,Lake,Precinct 250,78,70,https://enr.electionsfl.org/LAK/3996/Precincts/59241/
LAK,Lake,Precinct 300,50,41,https://enr.electionsfl.org/LAK/3996/Precincts/59241/
LAK,Lake,Precinct 305,32,73,https://enr.electionsfl.org/LAK/3996/Precincts/59241/
LAK,Lake,Precinct 310,117,119,https://enr.electionsfl.org/LAK/3996/Precincts/59241/
LAK,Lake,Precinct 320,170,161,https://enr.electionsfl.org/LAK/3996/Precincts/59241/
LAK,Lake,Precinct 325,162,87,https://enr.electionsfl.org/LAK/3996/Precincts/59241/
LAK,Lake,Precinct 330,165,120,https://enr.electionsfl.org/LAK/3996/Precincts/59241/
LAK,Lake,Precinct 335,193,111,https://enr.electionsfl.org/LAK/3996/Precincts/59241/
LAK,Lake,Precinct 340,33,29,https://enr.electionsfl.org/LAK/3996/Precincts/59241/
LAK,Lake,Precinct 345,102,81,https://enr.electionsfl.org/LAK/3996/Precincts/59241/
LAK,Lake,Precinct 350,136,101,https://enr.electionsfl.org/LAK/3996/Precincts/59241/
LAK,Lake,Precinct 355,136,125,https://enr.electionsfl.org/LAK/3996/Precincts/59241/
LAK,Lake,Precinct 360,112,108,https://enr.electionsfl.org/LAK/3996/Precincts/59241/
LAK,Lake,Precinct 365,198,157,https://enr.electionsfl.org/LAK/3996/Precincts/59241/
LAK,Lake,Precinct 370,31,102,https://enr.electionsfl.org/LAK/3996/Precincts/59241/
LAK,Lake,Precinct 375,38,30,https://enr.electionsfl.org/LAK/3996/Precincts/59241/
LAK,Lake,Precinct 377,2,10,https://enr.electionsfl.org/LAK/3996/Precincts/59241/
LAK,Lake,Precinct 380,48,63,https://enr.electionsfl.org/LAK/3996/Precincts/59241/
LAK,Lake,Precinct 383,16,11,https://enr.electionsfl.org/LAK/3996/Precincts/59241/
LAK,Lake,Precinct 385,54,66,https://enr.electionsfl.org/LAK/3996/Precincts/59241/
LAK,Lake,Precinct 388,62,106,https://enr.electionsfl.org/LAK/3996/Precincts/59241/
LAK,Lake,Precinct 390,58,70,https://enr.electionsfl.org/LAK/3996/Precincts/59241/
LAK,Lake,Precinct 393,32,35,https://enr.electionsfl.org/LAK/3996/Precincts/59241/
LAK,Lake,Precinct 395,36,109,https://enr.electionsfl.org/LAK/3996/Precincts/59241/
LAK,Lake,Precinct 397,85,184,https://enr.electionsfl.org/LAK/3996/Precincts/59241/
LAK,Lake,Precinct 399,41,74,https://enr.electionsfl.org/LAK/3996/Precincts/59241/
LAK,Lake,Precinct 400,28,34,https://enr.electionsfl.org/LAK/3996/Precincts/59241/
LAK,Lake,Precinct 405,20,30,https://enr.electionsfl.org/LAK/3996/Precincts/59241/
LAK,Lake,Precinct 410,33,47,https://enr.electionsfl.org/LAK/3996/Precincts/59241/
LAK,Lake,Precinct 415,61,54,https://enr.electionsfl.org/LAK/3996/Precincts/59241/
LAK,Lake,Precinct 420,24,38,https://enr.electionsfl.org/LAK/3996/Precincts/59241/
LAK,Lake,Precinct 425,27,13,https://enr.electionsfl.org/LAK/3996/Precincts/59241/
LAK,Lake,Precinct 430,27,27,https://enr.electionsfl.org/LAK/3996/Precincts/59241/
LAK,Lake,Precinct 435,110,118,https://enr.electionsfl.org/LAK/3996/Precincts/59241/
LAK,Lake,Precinct 440,68,69,https://enr.electionsfl.org/LAK/3996/Precincts/59241/
LAK,Lake,Precinct 445,165,165,https://enr.electionsfl.org/LAK/3996/Precincts/59241/
LAK,Lake,Precinct 450,62,136,https://enr.electionsfl.org/LAK/3996/Precincts/59241/
LAK,Lake,Precinct 455,123,84,https://enr.electionsfl.org/LAK/3996/Precincts/59241/
LAK,Lake,Precinct 460,99,92,https://enr.electionsfl.org/LAK/3996/Precincts/59241/
LAK,Lake,Precinct 465,81,77,https://enr.electionsfl.org/LAK/3996/Precincts/59241/
LAK,Lake,Precinct 470,26,56,https://enr.electionsfl.org/LAK/3996/Precincts/59241/
LAK,Lake,Precinct 475,54,110,https://enr.electionsfl.org/LAK/3996/Precincts/59241/
LAK,Lake,Precinct 480,79,31,https://enr.electionsfl.org/LAK/3996/Precincts/59241/
LAK,Lake,Precinct 485,260,347,https://enr.electionsfl.org/LAK/3996/Precincts/59241/
LAK,Lake,Precinct 490,49,58,https://enr.electionsfl.org/LAK/3996/Precincts/59241/
LAK,Lake,Precinct 500,121,231,https://enr.electionsfl.org/LAK/3996/Precincts/59241/
LAK,Lake,Precinct 505,73,123,https://enr.electionsfl.org/LAK/3996/Precincts/59241/
LAK,Lake,Precinct 510,55,80,https://enr.electionsfl.org/LAK/3996/Precincts/59241/
LAK,Lake,Precinct 515,92,69,https://enr.electionsfl.org/LAK/3996/Precincts/59241/
LAK,Lake,Precinct 520,51,67,https://enr.electionsfl.org/LAK/3996/Precincts/59241/
LAK,Lake,Precinct 525,91,69,https://enr.electionsfl.org/LAK/3996/Precincts/59241/
LAK,Lake,Precinct 530,145,64,https://enr.electionsfl.org/LAK/3996/Precincts/59241/
LAK,Lake,Precinct 535,70,217,https://enr.electionsfl.org/LAK/3996/Precincts/59241/
LAK,Lake,Precinct 540,92,90,https://enr.electionsfl.org/LAK/3996/Precincts/59241/
LAK,Lake,Precinct 545,164,62,https://enr.electionsfl.org/LAK/3996/Precincts/59241/
LAK,Lake,Precinct 550,58,88,https://enr.electionsfl.org/LAK/3996/Precincts/59241/
LAK,Lake,Precinct 555,157,115,https://enr.electionsfl.org/LAK/3996/Precincts/59241/
LAK,Lake,Precinct 557,89,179,https://enr.electionsfl.org/LAK/3996/Precincts/59241/
LAK,Lake,Precinct 560,149,99,https://enr.electionsfl.org/LAK/3996/Precincts/59241/
LAK,Lake,Precinct 565,18,25,https://enr.electionsfl.org/LAK/3996/Precincts/59241/
LAK,Lake,Precinct 570,42,58,https://enr.electionsfl.org/LAK/3996/Precincts/59241/
LAK,Lake,Precinct 575,124,59,https://enr.electionsfl.org/LAK/3996/Precincts/59241/
LAK,Lake,Precinct 580,87,105,https://enr.electionsfl.org/LAK/3996/Precincts/59241/
LAK,Lake,Precinct 585,21,49,https://enr.electionsfl.org/LAK/3996/Precincts/59241/
LEE,Lee,101,325,321,https://enr.electionsfl.org/LEE/4025/Precincts/58838/
LEE,Lee,102,132,143,https://enr.electionsfl.org/LEE/4025/Precincts/58838/
LEE,Lee,103,171,147,https://enr.electionsfl.org/LEE/4025/Precincts/58838/
LEE,Lee,104,182,181,https://enr.electionsfl.org/LEE/4025/Precincts/58838/
LEE,Lee,105,59,195,https://enr.electionsfl.org/LEE/4025/Precincts/58838/
LEE,Lee,106,131,129,https://enr.electionsfl.org/LEE/4025/Precincts/58838/
LEE,Lee,107,201,257,https://enr.electionsfl.org/LEE/4025/Precincts/58838/
LEE,Lee,108,185,244,https://enr.electionsfl.org/LEE/4025/Precincts/58838/
LEE,Lee,109,66,145,https://enr.electionsfl.org/LEE/4025/Precincts/58838/
LEE,Lee,110,276,278,https://enr.electionsfl.org/LEE/4025/Precincts/58838/
LEE,Lee,111,119,160,https://enr.electionsfl.org/LEE/4025/Precincts/58838/
LEE,Lee,112,157,217,https://enr.electionsfl.org/LEE/4025/Precincts/58838/
LEE,Lee,113,87,142,https://enr.electionsfl.org/LEE/4025/Precincts/58838/
LEE,Lee,114,99,154,https://enr.electionsfl.org/LEE/4025/Precincts/58838/
LEE,Lee,115,86,144,https://enr.electionsfl.org/LEE/4025/Precincts/58838/
LEE,Lee,116,52,219,https://enr.electionsfl.org/LEE/4025/Precincts/58838/
LEE,Lee,117,189,134,https://enr.electionsfl.org/LEE/4025/Precincts/58838/
LEE,Lee,118,204,151,https://enr.electionsfl.org/LEE/4025/Precincts/58838/
LEE,Lee,119,167,259,https://enr.electionsfl.org/LEE/4025/Precincts/58838/
LEE,Lee,120,182,143,https://enr.electionsfl.org/LEE/4025/Precincts/58838/
LEE,Lee,121,83,166,https://enr.electionsfl.org/LEE/4025/Precincts/58838/
LEE,Lee,122,9,36,https://enr.electionsfl.org/LEE/4025/Precincts/58838/
LEE,Lee,201,87,153,https://enr.electionsfl.org/LEE/4025/Precincts/58838/
LEE,Lee,202,408,691,https://enr.electionsfl.org/LEE/4025/Precincts/58838/
LEE,Lee,203,137,154,https://enr.electionsfl.org/LEE/4025/Precincts/58838/
LEE,Lee,204,136,161,https://enr.electionsfl.org/LEE/4025/Precincts/58838/
LEE,Lee,205,64,142,https://enr.electionsfl.org/LEE/4025/Precincts/58838/
LEE,Lee,206,51,107,https://enr.electionsfl.org/LEE/4025/Precincts/58838/
LEE,Lee,207,47,87,https://enr.electionsfl.org/LEE/4025/Precincts/58838/
LEE,Lee,208,162,151,https://enr.electionsfl.org/LEE/4025/Precincts/58838/
LEE,Lee,209,194,242,https://enr.electionsfl.org/LEE/4025/Precincts/58838/
LEE,Lee,210,313,222,https://enr.electionsfl.org/LEE/4025/Precincts/58838/
LEE,Lee,211,110,93,https://enr.electionsfl.org/LEE/4025/Precincts/58838/
LEE,Lee,212,343,366,https://enr.electionsfl.org/LEE/4025/Precincts/58838/
LEE,Lee,213,82,158,https://enr.electionsfl.org/LEE/4025/Precincts/58838/
LEE,Lee,214,191,157,https://enr.electionsfl.org/LEE/4025/Precincts/58838/
LEE,Lee,215,128,119,https://enr.electionsfl.org/LEE/4025/Precincts/58838/
LEE,Lee,216,242,162,https://enr.electionsfl.org/LEE/4025/Precincts/58838/
LEE,Lee,217,243,270,https://enr.electionsfl.org/LEE/4025/Precincts/58838/
LEE,Lee,218,126,194,https://enr.electionsfl.org/LEE/4025/Precincts/58838/
LEE,Lee,219,123,172,https://enr.electionsfl.org/LEE/4025/Precincts/58838/
LEE,Lee,220,107,191,https://enr.electionsfl.org/LEE/4025/Precincts/58838/
LEE,Lee,221,188,171,https://enr.electionsfl.org/LEE/4025/Precincts/58838/
LEE,Lee,222,331,435,https://enr.electionsfl.org/LEE/4025/Precincts/58838/
LEE,Lee,301,106,199,https://enr.electionsfl.org/LEE/4025/Precincts/58838/
LEE,Lee,302,94,242,https://enr.electionsfl.org/LEE/4025/Precincts/58838/
LEE,Lee,303,130,381,https://enr.electionsfl.org/LEE/4025/Precincts/58838/
LEE,Lee,304,252,403,https://enr.electionsfl.org/LEE/4025/Precincts/58838/
LEE,Lee,305,62,227,https://enr.electionsfl.org/LEE/4025/Precincts/58838/
LEE,Lee,306,122,199,https://enr.electionsfl.org/LEE/4025/Precincts/58838/
LEE,Lee,307,133,162,https://enr.electionsfl.org/LEE/4025/Precincts/58838/
LEE,Lee,308,76,141,https://enr.electionsfl.org/LEE/4025/Precincts/58838/
LEE,Lee,309,39,40,https://enr.electionsfl.org/LEE/4025/Precincts/58838/
LEE,Lee,310,126,248,https://enr.electionsfl.org/LEE/4025/Precincts/58838/
LEE,Lee,311,337,339,https://enr.electionsfl.org/LEE/4025/Precincts/58838/
LEE,Lee,312,63,133,https://enr.electionsfl.org/LEE/4025/Precincts/58838/
LEE,Lee,313,183,507,https://enr.electionsfl.org/LEE/4025/Precincts/58838/
LEE,Lee,314,278,419,https://enr.electionsfl.org/LEE/4025/Precincts/58838/
LEE,Lee,315,105,159,https://enr.electionsfl.org/LEE/4025/Precincts/58838/
LEE,Lee,316,213,391,https://enr.electionsfl.org/LEE/4025/Precincts/58838/
LEE,Lee,317,174,298,https://enr.electionsfl.org/LEE/4025/Precincts/58838/
LEE,Lee,318,165,448,https://enr.electionsfl.org/LEE/4025/Precincts/58838/
LEE,Lee,319,41,79,https://enr.electionsfl.org/LEE/4025/Precincts/58838/
LEE,Lee,320,203,343,https://enr.electionsfl.org/LEE/4025/Precincts/58838/
LEE,Lee,321,59,104,https://enr.electionsfl.org/LEE/4025/Precincts/58838/
LEE,Lee,401,105,104,https://enr.electionsfl.org/LEE/4025/Precincts/58838/
LEE,Lee,402,254,181,https://enr.electionsfl.org/LEE/4025/Precincts/58838/
LEE,Lee,403,152,159,https://enr.electionsfl.org/LEE/4025/Precincts/58838/
LEE,Lee,404,122,108,https://enr.electionsfl.org/LEE/4025/Precincts/58838/
LEE,Lee,405,117,104,https://enr.electionsfl.org/LEE/4025/Precincts/58838/
LEE,Lee,406,90,104,https://enr.electionsfl.org/LEE/4025/Precincts/58838/
LEE,Lee,407,177,200,https://enr.electionsfl.org/LEE/4025/Precincts/58838/
LEE,Lee,408,309,469,https://enr.electionsfl.org/LEE/4025/Precincts/58838/
LEE,Lee,409,279,220,https://enr.electionsfl.org/LEE/4025/Precincts/58838/
LEE,Lee,410,135,121,https://enr.electionsfl.org/LEE/4025/Precincts/58838/
LEE,Lee,411,192,135,https://enr.electionsfl.org/LEE/4025/Precincts/58838/
LEE,Lee,412,285,239,https://enr.electionsfl.org/LEE/4025/Precincts/58838/
LEE,Lee,413,130,164,https://enr.electionsfl.org/LEE/4025/Precincts/58838/
LEE,Lee,414,48,48,https://enr.electionsfl.org/LEE/4025/Precincts/58838/
LEE,Lee,415,411,200,https://enr.electionsfl.org/LEE/4025/Precincts/58838/
LEE,Lee,416,416,267,https://enr.electionsfl.org/LEE/4025/Precincts/58838/
LEE,Lee,417,403,140,https://enr.electionsfl.org/LEE/4025/Precincts/58838/
LEE,Lee,501,303,159,https://enr.electionsfl.org/LEE/4025/Precincts/58838/
LEE,Lee,502,37,37,https://enr.electionsfl.org/LEE/4025/Precincts/58838/
LEE,Lee,503,100,98,https://enr.electionsfl.org/LEE/4025/Precincts/58838/
LEE,Lee,504,255,144,https://enr.electionsfl.org/LEE/4025/Precincts/58838/
LEE,Lee,505,124,96,https://enr.electionsfl.org/LEE/4025/Precincts/58838/
LEE,Lee,506,210,111,https://enr.electionsfl.org/LEE/4025/Precincts/58838/
LEE,Lee,507,190,106,https://enr.electionsfl.org/LEE/4025/Precincts/58838/
LEE,Lee,508,296,133,https://enr.electionsfl.org/LEE/4025/Precincts/58838/
LEE,Lee,509,166,108,https://enr.electionsfl.org/LEE/4025/Precincts/58838/
LEE,Lee,510,383,222,https://enr.electionsfl.org/LEE/4025/Precincts/58838/
LEE,Lee,511,268,123,https://enr.electionsfl.org/LEE/4025/Precincts/58838/
LEE,Lee,512,250,368,https://enr.electionsfl.org/LEE/4025/Precincts/58838/
LEE,Lee,513,161,191,https://enr.electionsfl.org/LEE/4025/Precincts/58838/
LEE,Lee,514,78,40,https://enr.electionsfl.org/LEE/4025/Precincts/58838/
LEE,Lee,515,151,132,https://enr.electionsfl.org/LEE/4025/Precincts/58838/
LEE,Lee,516,44,59,https://enr.electionsfl.org/LEE/4025/Precincts/58838/
LEE,Lee,517,103,72,https://enr.electionsfl.org/LEE/4025/Precincts/58838/
LEO,Leon,1203,349,93,https://enr.electionsfl.org/LEO/3994/Precincts/57981/
LEO,Leon,1205,245,45,https://enr.electionsfl.org/LEO/3994/Precincts/57981/
LEO,Leon,1211,77,20,https://enr.electionsfl.org/LEO/3994/Precincts/57981/
LEO,Leon,1251,88,19,https://enr.electionsfl.org/LEO/3994/Precincts/57981/
LEO,Leon,1255,90,19,https://enr.electionsfl.org/LEO/3994/Precincts/57981/
LEO,Leon,1257,59,65,https://enr.electionsfl.org/LEO/3994/Precincts/57981/
LEO,Leon,1301,167,32,https://enr.electionsfl.org/LEO/3994/Precincts/57981/
LEO,Leon,1302,37,23,https://enr.electionsfl.org/LEO/3994/Precincts/57981/
LEO,Leon,1303,40,15,https://enr.electionsfl.org/LEO/3994/Precincts/57981/
LEO,Leon,1309,129,12,https://enr.electionsfl.org/LEO/3994/Precincts/57981/
LEO,Leon,1312,139,20,https://enr.electionsfl.org/LEO/3994/Precincts/57981/
LEO,Leon,1313,303,35,https://enr.electionsfl.org/LEO/3994/Precincts/57981/
LEO,Leon,1317,427,77,https://enr.electionsfl.org/LEO/3994/Precincts/57981/
LEO,Leon,1319,403,68,https://enr.electionsfl.org/LEO/3994/Precincts/57981/
LEO,Leon,1321,722,130,https://enr.electionsfl.org/LEO/3994/Precincts/57981/
LEO,Leon,1322,5,1,https://enr.electionsfl.org/LEO/3994/Precincts/57981/
LEO,Leon,1327,249,31,https://enr.electionsfl.org/LEO/3994/Precincts/57981/
LEO,Leon,1351,63,13,https://enr.electionsfl.org/LEO/3994/Precincts/57981/
LEO,Leon,1355,387,75,https://enr.electionsfl.org/LEO/3994/Precincts/57981/
LEO,Leon,1361,272,68,https://enr.electionsfl.org/LEO/3994/Precincts/57981/
LEO,Leon,1362,3,0,https://enr.electionsfl.org/LEO/3994/Precincts/57981/
LEO,Leon,1501,409,82,https://enr.electionsfl.org/LEO/3994/Precincts/57981/
LEO,Leon,1502,156,78,https://enr.electionsfl.org/LEO/3994/Precincts/57981/
LEO,Leon,1503,52,8,https://enr.electionsfl.org/LEO/3994/Precincts/57981/
LEO,Leon,1505,221,38,https://enr.electionsfl.org/LEO/3994/Precincts/57981/
LEO,Leon,1507,57,13,https://enr.electionsfl.org/LEO/3994/Precincts/57981/
LEO,Leon,2252,119,47,https://enr.electionsfl.org/LEO/3994/Precincts/57981/
LEO,Leon,2253,183,73,https://enr.electionsfl.org/LEO/3994/Precincts/57981/
LEO,Leon,2303,127,27,https://enr.electionsfl.org/LEO/3994/Precincts/57981/
LEO,Leon,2305,350,44,https://enr.electionsfl.org/LEO/3994/Precincts/57981/
LEO,Leon,2306,254,51,https://enr.electionsfl.org/LEO/3994/Precincts/57981/
LEO,Leon,2307,2,0,https://enr.electionsfl.org/LEO/3994/Precincts/57981/
LEO,Leon,2355,17,24,https://enr.electionsfl.org/LEO/3994/Precincts/57981/
LEO,Leon,2359,222,62,https://enr.electionsfl.org/LEO/3994/Precincts/57981/
LEO,Leon,2363,37,15,https://enr.electionsfl.org/LEO/3994/Precincts/57981/
LEO,Leon,2365,121,103,https://enr.electionsfl.org/LEO/3994/Precincts/57981/
LEO,Leon,2366,56,41,https://enr.electionsfl.org/LEO/3994/Precincts/57981/
LEO,Leon,2380,27,8,https://enr.electionsfl.org/LEO/3994/Precincts/57981/
LEO,Leon,2401,52,13,https://enr.electionsfl.org/LEO/3994/Precincts/57981/
LEO,Leon,2451,107,39,https://enr.electionsfl.org/LEO/3994/Precincts/57981/
LEO,Leon,2502,46,8,https://enr.electionsfl.org/LEO/3994/Precincts/57981/
LEO,Leon,2503,158,11,https://enr.electionsfl.org/LEO/3994/Precincts/57981/
LEO,Leon,2504,80,11,https://enr.electionsfl.org/LEO/3994/Precincts/57981/
LEO,Leon,2507,191,30,https://enr.electionsfl.org/LEO/3994/Precincts/57981/
LEO,Leon,2509,207,71,https://enr.electionsfl.org/LEO/3994/Precincts/57981/
LEO,Leon,2511,349,60,https://enr.electionsfl.org/LEO/3994/Precincts/57981/
LEO,Leon,2513,237,38,https://enr.electionsfl.org/LEO/3994/Precincts/57981/
LEO,Leon,3101,152,322,https://enr.electionsfl.org/LEO/3994/Precincts/57981/
LEO,Leon,3103,275,290,https://enr.electionsfl.org/LEO/3994/Precincts/57981/
LEO,Leon,3107,184,71,https://enr.electionsfl.org/LEO/3994/Precincts/57981/
LEO,Leon,3110,329,257,https://enr.electionsfl.org/LEO/3994/Precincts/57981/
LEO,Leon,3401,175,192,https://enr.electionsfl.org/LEO/3994/Precincts/57981/
LEO,Leon,3403,174,313,https://enr.electionsfl.org/LEO/3994/Precincts/57981/
LEO,Leon,3411,363,92,https://enr.electionsfl.org/LEO/3994/Precincts/57981/
LEO,Leon,3412,307,137,https://enr.electionsfl.org/LEO/3994/Precincts/57981/
LEO,Leon,3413,6,6,https://enr.electionsfl.org/LEO/3994/Precincts/57981/
LEO,Leon,3451,2,14,https://enr.electionsfl.org/LEO/3994/Precincts/57981/
LEO,Leon,3453,171,233,https://enr.electionsfl.org/LEO/3994/Precincts/57981/
LEO,Leon,3455,201,241,https://enr.electionsfl.org/LEO/3994/Precincts/57981/
LEO,Leon,3457,97,45,https://enr.electionsfl.org/LEO/3994/Precincts/57981/
LEO,Leon,3459,127,135,https://enr.electionsfl.org/LEO/3994/Precincts/57981/
LEO,Leon,3461,174,145,https://enr.electionsfl.org/LEO/3994/Precincts/57981/
LEO,Leon,3467,449,185,https://enr.electionsfl.org/LEO/3994/Precincts/57981/
LEO,Leon,3469,606,181,https://enr.electionsfl.org/LEO/3994/Precincts/57981/
LEO,Leon,3473,118,40,https://enr.electionsfl.org/LEO/3994/Precincts/57981/
LEO,Leon,3475,36,15,https://enr.electionsfl.org/LEO/3994/Precincts/57981/
LEO,Leon,3477,36,44,https://enr.electionsfl.org/LEO/3994/Precincts/57981/
LEO,Leon,3479,43,9,https://enr.electionsfl.org/LEO/3994/Precincts/57981/
LEO,Leon,3501,273,169,https://enr.electionsfl.org/LEO/3994/Precincts/57981/
LEO,Leon,3502,109,29,https://enr.electionsfl.org/LEO/3994/Precincts/57981/
LEO,Leon,3507,281,129,https://enr.electionsfl.org/LEO/3994/Precincts/57981/
LEO,Leon,3508,15,12,https://enr.electionsfl.org/LEO/3994/Precincts/57981/
LEO,Leon,3509,151,60,https://enr.electionsfl.org/LEO/3994/Precincts/57981/
LEO,Leon,3513,671,260,https://enr.electionsfl.org/LEO/3994/Precincts/57981/
LEO,Leon,3551,8,0,https://enr.electionsfl.org/LEO/3994/Precincts/57981/
LEO,Leon,4101,148,108,https://enr.electionsfl.org/LEO/3994/Precincts/57981/
LEO,Leon,4103,349,328,https://enr.electionsfl.org/LEO/3994/Precincts/57981/
LEO,Leon,4105,106,63,https://enr.electionsfl.org/LEO/3994/Precincts/57981/
LEO,Leon,4109,61,48,https://enr.electionsfl.org/LEO/3994/Precincts/57981/
LEO,Leon,4119,459,514,https://enr.electionsfl.org/LEO/3994/Precincts/57981/
LEO,Leon,4125,373,549,https://enr.electionsfl.org/LEO/3994/Precincts/57981/
LEO,Leon,4153,192,196,https://enr.electionsfl.org/LEO/3994/Precincts/57981/
LEO,Leon,4155,68,213,https://enr.electionsfl.org/LEO/3994/Precincts/57981/
LEO,Leon,4157,126,79,https://enr.electionsfl.org/LEO/3994/Precincts/57981/
LEO,Leon,4159,166,99,https://enr.electionsfl.org/LEO/3994/Precincts/57981/
LEO,Leon,4161,225,194,https://enr.electionsfl.org/LEO/3994/Precincts/57981/
LEO,Leon,4163,176,182,https://enr.electionsfl.org/LEO/3994/Precincts/57981/
LEO,Leon,4167,228,260,https://enr.electionsfl.org/LEO/3994/Precincts/57981/
LEO,Leon,4184,81,75,https://enr.electionsfl.org/LEO/3994/Precincts/57981/
LEO,Leon,4401,39,73,https://enr.electionsfl.org/LEO/3994/Precincts/57981/
LEO,Leon,4403,112,153,https://enr.electionsfl.org/LEO/3994/Precincts/57981/
LEO,Leon,4405,144,177,https://enr.electionsfl.org/LEO/3994/Precincts/57981/
LEO,Leon,4408,110,167,https://enr.electionsfl.org/LEO/3994/Precincts/57981/
LEO,Leon,4410,15,15,https://enr.electionsfl.org/LEO/3994/Precincts/57981/
LEO,Leon,4451,60,136,https://enr.electionsfl.org/LEO/3994/Precincts/57981/
LEO,Leon,4453,88,132,https://enr.electionsfl.org/LEO/3994/Precincts/57981/
LEO,Leon,4455,219,215,https://enr.electionsfl.org/LEO/3994/Precincts/57981/
LEO,Leon,4458,95,112,https://enr.electionsfl.org/LEO/3994/Precincts/57981/
LEO,Leon,4459,284,256,https://enr.electionsfl.org/LEO/3994/Precincts/57981/
LEO,Leon,4461,130,167,https://enr.electionsfl.org/LEO/3994/Precincts/57981/
LEO,Leon,5101,14,21,https://enr.electionsfl.org/LEO/3994/Precincts/57981/
LEO,Leon,5103,154,108,https://enr.electionsfl.org/LEO/3994/Precincts/57981/
LEO,Leon,5104,10,4,https://enr.electionsfl.org/LEO/3994/Precincts/57981/
LEO,Leon,5105,476,505,https://enr.electionsfl.org/LEO/3994/Precincts/57981/
LEO,Leon,5110,237,121,https://enr.electionsfl.org/LEO/3994/Precincts/57981/
LEO,Leon,5115,243,128,https://enr.electionsfl.org/LEO/3994/Precincts/57981/
LEO,Leon,5153,213,171,https://enr.electionsfl.org/LEO/3994/Precincts/57981/
LEO,Leon,5154,59,51,https://enr.electionsfl.org/LEO/3994/Precincts/57981/
LEO,Leon,5165,23,13,https://enr.electionsfl.org/LEO/3994/Precincts/57981/
LEO,Leon,5201,189,202,https://enr.electionsfl.org/LEO/3994/Precincts/57981/
LEO,Leon,5202,38,22,https://enr.electionsfl.org/LEO/3994/Precincts/57981/
LEO,Leon,5203,223,232,https://enr.electionsfl.org/LEO/3994/Precincts/57981/
LEO,Leon,5205,210,111,https://enr.electionsfl.org/LEO/3994/Precincts/57981/
LEO,Leon,5207,584,264,https://enr.electionsfl.org/LEO/3994/Precincts/57981/
LEO,Leon,5209,116,57,https://enr.electionsfl.org/LEO/3994/Precincts/57981/
LEO,Leon,5211,189,58,https://enr.electionsfl.org/LEO/3994/Precincts/57981/
LEO,Leon,5212,18,18,https://enr.electionsfl.org/LEO/3994/Precincts/57981/
LEO,Leon,5214,228,167,https://enr.electionsfl.org/LEO/3994/Precincts/57981/
LEO,Leon,5219,266,232,https://enr.electionsfl.org/LEO/3994/Precincts/57981/
LEO,Leon,5220,197,165,https://enr.electionsfl.org/LEO/3994/Precincts/57981/
LEO,Leon,5221,146,78,https://enr.electionsfl.org/LEO/3994/Precincts/57981/
LEO,Leon,5224,324,116,https://enr.electionsfl.org/LEO/3994/Precincts/57981/
LEO,Leon,5225,377,350,https://enr.electionsfl.org/LEO/3994/Precincts/57981/
LEO,Leon,5227,47,23,https://enr.electionsfl.org/LEO/3994/Precincts/57981/
LEO,Leon,5229,26,28,https://enr.electionsfl.org/LEO/3994/Precincts/57981/
LEO,Leon,5231,67,16,https://enr.electionsfl.org/LEO/3994/Precincts/57981/
LEO,Leon,5251,254,334,https://enr.electionsfl.org/LEO/3994/Precincts/57981/
LEO,Leon,5260,679,291,https://enr.electionsfl.org/LEO/3994/Precincts/57981/
LEO,Leon,5261,317,248,https://enr.electionsfl.org/LEO/3994/Precincts/57981/
LEO,Leon,5262,13,1,https://enr.electionsfl.org/LEO/3994/Precincts/57981/
LEO,Leon,5263,254,191,https://enr.electionsfl.org/LEO/3994/Precincts/57981/
LEO,Leon,5270,0,0,https://enr.electionsfl.org/LEO/3994/Precincts/57981/
LEO,Leon,5284,215,208,https://enr.electionsfl.org/LEO/3994/Precincts/57981/
LEO,Leon,9000,13,11,https://enr.electionsfl.org/LEO/3994/Precincts/57981/
LIB,Liberty,Annex,24,3,https://enr.electionsfl.org/LIB/4049/Precincts/59567/
LIB,Liberty,Bristol,33,27,https://enr.electionsfl.org/LIB/4049/Precincts/59567/
LIB,Liberty,Hosford,37,19,https://enr.electionsfl.org/LIB/4049/Precincts/59567/
LIB,Liberty,Lake Mystic,29,16,https://enr.electionsfl.org/LIB/4049/Precincts/59567/
LIB,Liberty,Orange,8,9,https://enr.electionsfl.org/LIB/4049/Precincts/59567/
LIB,Liberty,Rock Bluff,67,16,https://enr.electionsfl.org/LIB/4049/Precincts/59567/
LIB,Liberty,Sumatra,5,3,https://enr.electionsfl.org/LIB/4049/Precincts/59567/
LIB,Liberty,Telogia,37,18,https://enr.electionsfl.org/LIB/4049/Precincts/59567/
MAD,Madison,1,224,92,https://enr.electionsfl.org/MAD/4008/Precincts/58210/
MAD,Madison,10,191,66,https://enr.electionsfl.org/MAD/4008/Precincts/58210/
MAD,Madison,11,33,16,https://enr.electionsfl.org/MAD/4008/Precincts/58210/
MAD,Madison,2,69,11,https://enr.electionsfl.org/MAD/4008/Precincts/58210/
MAD,Madison,3,116,42,https://enr.electionsfl.org/MAD/4008/Precincts/58210/
MAD,Madison,4,30,12,https://enr.electionsfl.org/MAD/4008/Precincts/58210/
MAD,Madison,5,77,42,https://enr.electionsfl.org/MAD/4008/Precincts/58210/
MAD,Madison,6,15,7,https://enr.electionsfl.org/MAD/4008/Precincts/58210/
MAD,Madison,7,58,41,https://enr.electionsfl.org/MAD/4008/Precincts/58210/
MAD,Madison,8,74,39,https://enr.electionsfl.org/MAD/4008/Precincts/58210/
MAD,Madison,9,3,6,https://enr.electionsfl.org/MAD/4008/Precincts/58210/
MON,Monroe,1.03-Elks Lodge 551,123,105,county official precinct results export
MON,Monroe,10-Sr Citizen Plaza,170,128,county official precinct results export
MON,Monroe,11.01-Bernstein Park,153,110,county official precinct results export
MON,Monroe,12.01-BC Fire Station,82,88,county official precinct results export
MON,Monroe,13.01-Sugarloaf Baptist Ch,83,140,county official precinct results export
MON,Monroe,14.00-Sugarloaf Baptist Ch,55,74,county official precinct results export
MON,Monroe,15.01-Exit Realty,60,120,county official precinct results export
MON,Monroe,16.00-BPK Community Park,70,99,county official precinct results export
MON,Monroe,17.00-BPK Community Park,88,64,county official precinct results export
MON,Monroe,18.00-American Legion Marathon,41,31,county official precinct results export
MON,Monroe,19.00-Marathon First Baptist Church,71,76,county official precinct results export
MON,Monroe,2-KW High School,154,197,county official precinct results export
MON,Monroe,20.00-Presbyterian Kirk of the Keys,42,48,county official precinct results export
MON,Monroe,21.00-Marathon City Hall,35,45,county official precinct results export
MON,Monroe,22.00-KCB Golf Pro Shop,24,16,county official precinct results export
MON,Monroe,23-Marathon City Hall,47,46,county official precinct results export
MON,Monroe,24.00-Founders Park Comm Ctr,30,58,county official precinct results export
MON,Monroe,25.00-Founders Park Comm Ctr,44,74,county official precinct results export
MON,Monroe,26.00-Immanuel Lutheran Church,72,100,county official precinct results export
MON,Monroe,27.01-Elks Club,57,92,county official precinct results export
MON,Monroe,28-KL Civic Club,44,81,county official precinct results export
MON,Monroe,29.00-KL Civic Club,61,116,county official precinct results export
MON,Monroe,3-KW High School,95,181,county official precinct results export
MON,Monroe,30.00-Murray Nelson Center,60,60,county official precinct results export
MON,Monroe,31.00-Murray Nelson Center,64,86,county official precinct results export
MON,Monroe,32-College of the Fl Keys,75,99,county official precinct results export
MON,Monroe,33-College of the Fl Keys,20,54,county official precinct results export
MON,Monroe,4.06-Frederick Douglas Gym,188,115,county official precinct results export
MON,Monroe,5-Keys Energy,131,234,county official precinct results export
MON,Monroe,6-Gato Building,156,260,county official precinct results export
MON,Monroe,7-Moose Club,74,123,county official precinct results export
MON,Monroe,8-Glad Tidings Tabernacle,186,188,county official precinct results export
MON,Monroe,9-Sr Citizen Plaza,164,184,county official precinct results export
MRN,Marion,0001,89,132,https://enr.electionsfl.org/MRN/4007/Precincts/58198/
MRN,Marion,0002,98,18,https://enr.electionsfl.org/MRN/4007/Precincts/58198/
MRN,Marion,0003,123,70,https://enr.electionsfl.org/MRN/4007/Precincts/58198/
MRN,Marion,0004,127,114,https://enr.electionsfl.org/MRN/4007/Precincts/58198/
MRN,Marion,0005,59,31,https://enr.electionsfl.org/MRN/4007/Precincts/58198/
MRN,Marion,0006,137,104,https://enr.electionsfl.org/MRN/4007/Precincts/58198/
MRN,Marion,0007,90,87,https://enr.electionsfl.org/MRN/4007/Precincts/58198/
MRN,Marion,0008,146,100,https://enr.electionsfl.org/MRN/4007/Precincts/58198/
MRN,Marion,0009,295,71,https://enr.electionsfl.org/MRN/4007/Precincts/58198/
MRN,Marion,0010,187,31,https://enr.electionsfl.org/MRN/4007/Precincts/58198/
MRN,Marion,0011,106,24,https://enr.electionsfl.org/MRN/4007/Precincts/58198/
MRN,Marion,0012,49,16,https://enr.electionsfl.org/MRN/4007/Precincts/58198/
MRN,Marion,0013,64,59,https://enr.electionsfl.org/MRN/4007/Precincts/58198/
MRN,Marion,0014,116,142,https://enr.electionsfl.org/MRN/4007/Precincts/58198/
MRN,Marion,0015,111,125,https://enr.electionsfl.org/MRN/4007/Precincts/58198/
MRN,Marion,0016,90,80,https://enr.electionsfl.org/MRN/4007/Precincts/58198/
MRN,Marion,0040,112,66,https://enr.electionsfl.org/MRN/4007/Precincts/58198/
MRN,Marion,0050,50,39,https://enr.electionsfl.org/MRN/4007/Precincts/58198/
MRN,Marion,0060,12,18,https://enr.electionsfl.org/MRN/4007/Precincts/58198/
MRN,Marion,0070,38,14,https://enr.electionsfl.org/MRN/4007/Precincts/58198/
MRN,Marion,1000,12,10,https://enr.electionsfl.org/MRN/4007/Precincts/58198/
MRN,Marion,1010,20,26,https://enr.electionsfl.org/MRN/4007/Precincts/58198/
MRN,Marion,1020,49,20,https://enr.electionsfl.org/MRN/4007/Precincts/58198/
MRN,Marion,1021,0,0,https://enr.electionsfl.org/MRN/4007/Precincts/58198/
MRN,Marion,1030,30,42,https://enr.electionsfl.org/MRN/4007/Precincts/58198/
MRN,Marion,1040,38,38,https://enr.electionsfl.org/MRN/4007/Precincts/58198/
MRN,Marion,1050,101,43,https://enr.electionsfl.org/MRN/4007/Precincts/58198/
MRN,Marion,1060,39,43,https://enr.electionsfl.org/MRN/4007/Precincts/58198/
MRN,Marion,1070,37,59,https://enr.electionsfl.org/MRN/4007/Precincts/58198/
MRN,Marion,1080,111,50,https://enr.electionsfl.org/MRN/4007/Precincts/58198/
MRN,Marion,1090,120,70,https://enr.electionsfl.org/MRN/4007/Precincts/58198/
MRN,Marion,1100,103,58,https://enr.electionsfl.org/MRN/4007/Precincts/58198/
MRN,Marion,1110,160,70,https://enr.electionsfl.org/MRN/4007/Precincts/58198/
MRN,Marion,1120,23,16,https://enr.electionsfl.org/MRN/4007/Precincts/58198/
MRN,Marion,2000,63,55,https://enr.electionsfl.org/MRN/4007/Precincts/58198/
MRN,Marion,2010,42,46,https://enr.electionsfl.org/MRN/4007/Precincts/58198/
MRN,Marion,2020,170,79,https://enr.electionsfl.org/MRN/4007/Precincts/58198/
MRN,Marion,2030,143,41,https://enr.electionsfl.org/MRN/4007/Precincts/58198/
MRN,Marion,2040,51,31,https://enr.electionsfl.org/MRN/4007/Precincts/58198/
MRN,Marion,2050,47,78,https://enr.electionsfl.org/MRN/4007/Precincts/58198/
MRN,Marion,2060,75,24,https://enr.electionsfl.org/MRN/4007/Precincts/58198/
MRN,Marion,2070,311,215,https://enr.electionsfl.org/MRN/4007/Precincts/58198/
MRN,Marion,2080,71,17,https://enr.electionsfl.org/MRN/4007/Precincts/58198/
MRN,Marion,2090,111,113,https://enr.electionsfl.org/MRN/4007/Precincts/58198/
MRN,Marion,2100,170,119,https://enr.electionsfl.org/MRN/4007/Precincts/58198/
MRN,Marion,3000,20,21,https://enr.electionsfl.org/MRN/4007/Precincts/58198/
MRN,Marion,3010,35,45,https://enr.electionsfl.org/MRN/4007/Precincts/58198/
MRN,Marion,3020,116,118,https://enr.electionsfl.org/MRN/4007/Precincts/58198/
MRN,Marion,3030,107,211,https://enr.electionsfl.org/MRN/4007/Precincts/58198/
MRN,Marion,3040,46,89,https://enr.electionsfl.org/MRN/4007/Precincts/58198/
MRN,Marion,3050,261,523,https://enr.electionsfl.org/MRN/4007/Precincts/58198/
MRN,Marion,3060,96,73,https://enr.electionsfl.org/MRN/4007/Precincts/58198/
MRN,Marion,3070,74,58,https://enr.electionsfl.org/MRN/4007/Precincts/58198/
MRN,Marion,3080,49,46,https://enr.electionsfl.org/MRN/4007/Precincts/58198/
MRN,Marion,3090,77,59,https://enr.electionsfl.org/MRN/4007/Precincts/58198/
MRN,Marion,3100,30,37,https://enr.electionsfl.org/MRN/4007/Precincts/58198/
MRN,Marion,3110,87,93,https://enr.electionsfl.org/MRN/4007/Precincts/58198/
MRN,Marion,3120,36,33,https://enr.electionsfl.org/MRN/4007/Precincts/58198/
MRN,Marion,3130,177,48,https://enr.electionsfl.org/MRN/4007/Precincts/58198/
MRN,Marion,3140,60,44,https://enr.electionsfl.org/MRN/4007/Precincts/58198/
MRN,Marion,3150,65,50,https://enr.electionsfl.org/MRN/4007/Precincts/58198/
MRN,Marion,3160,32,43,https://enr.electionsfl.org/MRN/4007/Precincts/58198/
MRN,Marion,3170,57,23,https://enr.electionsfl.org/MRN/4007/Precincts/58198/
MRN,Marion,3180,74,49,https://enr.electionsfl.org/MRN/4007/Precincts/58198/
MRN,Marion,3190,31,51,https://enr.electionsfl.org/MRN/4007/Precincts/58198/
MRN,Marion,3200,38,47,https://enr.electionsfl.org/MRN/4007/Precincts/58198/
MRN,Marion,3210,29,31,https://enr.electionsfl.org/MRN/4007/Precincts/58198/
MRN,Marion,3220,61,86,https://enr.electionsfl.org/MRN/4007/Precincts/58198/
MRN,Marion,3230,41,30,https://enr.electionsfl.org/MRN/4007/Precincts/58198/
MRN,Marion,3240,146,308,https://enr.electionsfl.org/MRN/4007/Precincts/58198/
MRN,Marion,3250,79,51,https://enr.electionsfl.org/MRN/4007/Precincts/58198/
MRN,Marion,3260,78,60,https://enr.electionsfl.org/MRN/4007/Precincts/58198/
MRN,Marion,3270,350,194,https://enr.electionsfl.org/MRN/4007/Precincts/58198/
MRN,Marion,3280,83,45,https://enr.electionsfl.org/MRN/4007/Precincts/58198/
MRN,Marion,3290,254,82,https://enr.electionsfl.org/MRN/4007/Precincts/58198/
MRN,Marion,3300,185,80,https://enr.electionsfl.org/MRN/4007/Precincts/58198/
MRN,Marion,3310,96,35,https://enr.electionsfl.org/MRN/4007/Precincts/58198/
MRN,Marion,3320,45,88,https://enr.electionsfl.org/MRN/4007/Precincts/58198/
MRN,Marion,4000,72,76,https://enr.electionsfl.org/MRN/4007/Precincts/58198/
MRN,Marion,4010,100,165,https://enr.electionsfl.org/MRN/4007/Precincts/58198/
MRN,Marion,4020,119,91,https://enr.electionsfl.org/MRN/4007/Precincts/58198/
MRN,Marion,4030,29,55,https://enr.electionsfl.org/MRN/4007/Precincts/58198/
MRN,Marion,4040,19,22,https://enr.electionsfl.org/MRN/4007/Precincts/58198/
MRN,Marion,4050,131,62,https://enr.electionsfl.org/MRN/4007/Precincts/58198/
MRN,Marion,4060,217,111,https://enr.electionsfl.org/MRN/4007/Precincts/58198/
MRN,Marion,4070,45,121,https://enr.electionsfl.org/MRN/4007/Precincts/58198/
MRN,Marion,4080,234,132,https://enr.electionsfl.org/MRN/4007/Precincts/58198/
MRN,Marion,4090,185,103,https://enr.electionsfl.org/MRN/4007/Precincts/58198/
MRN,Marion,4100,49,41,https://enr.electionsfl.org/MRN/4007/Precincts/58198/
MRN,Marion,4110,74,157,https://enr.electionsfl.org/MRN/4007/Precincts/58198/
MRN,Marion,4120,94,160,https://enr.electionsfl.org/MRN/4007/Precincts/58198/
MRN,Marion,4130,35,37,https://enr.electionsfl.org/MRN/4007/Precincts/58198/
MRN,Marion,4140,171,128,https://enr.electionsfl.org/MRN/4007/Precincts/58198/
MRN,Marion,4150,184,438,https://enr.electionsfl.org/MRN/4007/Precincts/58198/
MRN,Marion,4151,132,339,https://enr.electionsfl.org/MRN/4007/Precincts/58198/
MRN,Marion,4152,32,85,https://enr.electionsfl.org/MRN/4007/Precincts/58198/
MRN,Marion,4153,29,86,https://enr.electionsfl.org/MRN/4007/Precincts/58198/
MRN,Marion,4154,29,69,https://enr.electionsfl.org/MRN/4007/Precincts/58198/
MRN,Marion,4160,323,247,https://enr.electionsfl.org/MRN/4007/Precincts/58198/
MRN,Marion,4170,99,58,https://enr.electionsfl.org/MRN/4007/Precincts/58198/
MRN,Marion,4180,35,46,https://enr.electionsfl.org/MRN/4007/Precincts/58198/
MRN,Marion,4190,35,43,https://enr.electionsfl.org/MRN/4007/Precincts/58198/
MRN,Marion,4200,157,113,https://enr.electionsfl.org/MRN/4007/Precincts/58198/
MRN,Marion,4210,97,111,https://enr.electionsfl.org/MRN/4007/Precincts/58198/
MRN,Marion,4220,70,98,https://enr.electionsfl.org/MRN/4007/Precincts/58198/
MRN,Marion,4230,171,473,https://enr.electionsfl.org/MRN/4007/Precincts/58198/
NAS,Nassau,11 MLK / Elm St Rec Center,265,140,https://enr.electionsfl.org/NAS/4021/Precincts/58694/
NAS,Nassau,12 Atlantic Ave Rec Center,286,450,https://enr.electionsfl.org/NAS/4021/Precincts/58694/
NAS,Nassau,13 Peck Center Auditorium,224,353,https://enr.electionsfl.org/NAS/4021/Precincts/58694/
NAS,Nassau,14 James S Page Governmental Complex,62,77,https://enr.electionsfl.org/NAS/4021/Precincts/58694/
NAS,Nassau,21 American Beach Community Center,156,364,https://enr.electionsfl.org/NAS/4021/Precincts/58694/
NAS,Nassau,22 Springhill Baptist Church,153,123,https://enr.electionsfl.org/NAS/4021/Precincts/58694/
NAS,Nassau,23 Springhill Baptist Church,248,286,https://enr.electionsfl.org/NAS/4021/Precincts/58694/
NAS,Nassau,31 James S Page Governmental Complex,91,81,https://enr.electionsfl.org/NAS/4021/Precincts/58694/
NAS,Nassau,32 Yulee Sports Complex,114,128,https://enr.electionsfl.org/NAS/4021/Precincts/58694/
NAS,Nassau,33 The River of Praise Worship Center,169,94,https://enr.electionsfl.org/NAS/4021/Precincts/58694/
NAS,Nassau,34 FSCJ - Building 30 Nassau Room,92,30,https://enr.electionsfl.org/NAS/4021/Precincts/58694/
NAS,Nassau,41 Hilliard Community Center,105,55,https://enr.electionsfl.org/NAS/4021/Precincts/58694/
NAS,Nassau,42 River Road Baptist Church,11,3,https://enr.electionsfl.org/NAS/4021/Precincts/58694/
NAS,Nassau,43 Bryceville Community Center,42,26,https://enr.electionsfl.org/NAS/4021/Precincts/58694/
NAS,Nassau,44 Callahan Fairgrounds - Multi Purpose Building,34,10,https://enr.electionsfl.org/NAS/4021/Precincts/58694/
NAS,Nassau,51 FSCJ - Building 30 Nassau Room,134,84,https://enr.electionsfl.org/NAS/4021/Precincts/58694/
NAS,Nassau,52 Callahan Fairgrounds - Multi Purpose Building,58,23,https://enr.electionsfl.org/NAS/4021/Precincts/58694/
NAS,Nassau,53 Walter Junior Boatright County Building,130,39,https://enr.electionsfl.org/NAS/4021/Precincts/58694/
OKE,Okeechobee,01,10,21,https://enr.electionsfl.org/OKE/3907/Precincts/57788/
OKE,Okeechobee,02,13,17,https://enr.electionsfl.org/OKE/3907/Precincts/57788/
OKE,Okeechobee,03,41,47,https://enr.electionsfl.org/OKE/3907/Precincts/57788/
OKE,Okeechobee,04,62,42,https://enr.electionsfl.org/OKE/3907/Precincts/57788/
OKE,Okeechobee,05,20,48,https://enr.electionsfl.org/OKE/3907/Precincts/57788/
OKE,Okeechobee,06,72,71,https://enr.electionsfl.org/OKE/3907/Precincts/57788/
OKE,Okeechobee,07,44,15,https://enr.electionsfl.org/OKE/3907/Precincts/57788/
OKE,Okeechobee,08,72,62,https://enr.electionsfl.org/OKE/3907/Precincts/57788/
OKE,Okeechobee,09,22,32,https://enr.electionsfl.org/OKE/3907/Precincts/57788/
OKE,Okeechobee,10,12,21,https://enr.electionsfl.org/OKE/3907/Precincts/57788/
OKE,Okeechobee,11,27,40,https://enr.electionsfl.org/OKE/3907/Precincts/57788/
PAS,Pasco,001,0,0,https://enr.electionsfl.org/PAS/4045/Precincts/59661/
PAS,Pasco,002,0,0,https://enr.electionsfl.org/PAS/4045/Precincts/59661/
PAS,Pasco,003,0,0,https://enr.electionsfl.org/PAS/4045/Precincts/59661/
PAS,Pasco,004,0,0,https://enr.electionsfl.org/PAS/4045/Precincts/59661/
PAS,Pasco,005,0,0,https://enr.electionsfl.org/PAS/4045/Precincts/59661/
PAS,Pasco,006,0,0,https://enr.electionsfl.org/PAS/4045/Precincts/59661/
PAS,Pasco,007,0,0,https://enr.electionsfl.org/PAS/4045/Precincts/59661/
PAS,Pasco,008,0,0,https://enr.electionsfl.org/PAS/4045/Precincts/59661/
PAS,Pasco,009,0,0,https://enr.electionsfl.org/PAS/4045/Precincts/59661/
PAS,Pasco,010,0,0,https://enr.electionsfl.org/PAS/4045/Precincts/59661/
PAS,Pasco,011,0,0,https://enr.electionsfl.org/PAS/4045/Precincts/59661/
PAS,Pasco,012,0,0,https://enr.electionsfl.org/PAS/4045/Precincts/59661/
PAS,Pasco,013,0,0,https://enr.electionsfl.org/PAS/4045/Precincts/59661/
PAS,Pasco,014,0,0,https://enr.electionsfl.org/PAS/4045/Precincts/59661/
PAS,Pasco,015,0,0,https://enr.electionsfl.org/PAS/4045/Precincts/59661/
PAS,Pasco,016,0,0,https://enr.electionsfl.org/PAS/4045/Precincts/59661/
PAS,Pasco,017,0,0,https://enr.electionsfl.org/PAS/4045/Precincts/59661/
PAS,Pasco,018,0,0,https://enr.electionsfl.org/PAS/4045/Precincts/59661/
PAS,Pasco,019,0,0,https://enr.electionsfl.org/PAS/4045/Precincts/59661/
PAS,Pasco,020,0,0,https://enr.electionsfl.org/PAS/4045/Precincts/59661/
PAS,Pasco,021,0,0,https://enr.electionsfl.org/PAS/4045/Precincts/59661/
PAS,Pasco,022,0,0,https://enr.electionsfl.org/PAS/4045/Precincts/59661/
PAS,Pasco,023,0,0,https://enr.electionsfl.org/PAS/4045/Precincts/59661/
PAS,Pasco,024,0,0,https://enr.electionsfl.org/PAS/4045/Precincts/59661/
PAS,Pasco,025,0,0,https://enr.electionsfl.org/PAS/4045/Precincts/59661/
PAS,Pasco,026,0,0,https://enr.electionsfl.org/PAS/4045/Precincts/59661/
PAS,Pasco,027,0,0,https://enr.electionsfl.org/PAS/4045/Precincts/59661/
PAS,Pasco,028,0,0,https://enr.electionsfl.org/PAS/4045/Precincts/59661/
PAS,Pasco,029,0,0,https://enr.electionsfl.org/PAS/4045/Precincts/59661/
PAS,Pasco,030,0,0,https://enr.electionsfl.org/PAS/4045/Precincts/59661/
PAS,Pasco,031,0,0,https://enr.electionsfl.org/PAS/4045/Precincts/59661/
PAS,Pasco,032,0,0,https://enr.electionsfl.org/PAS/4045/Precincts/59661/
PAS,Pasco,033,0,0,https://enr.electionsfl.org/PAS/4045/Precincts/59661/
PAS,Pasco,034,0,0,https://enr.electionsfl.org/PAS/4045/Precincts/59661/
PAS,Pasco,035,0,0,https://enr.electionsfl.org/PAS/4045/Precincts/59661/
PAS,Pasco,036,0,0,https://enr.electionsfl.org/PAS/4045/Precincts/59661/
PAS,Pasco,037,0,0,https://enr.electionsfl.org/PAS/4045/Precincts/59661/
PAS,Pasco,038,0,0,https://enr.electionsfl.org/PAS/4045/Precincts/59661/
PAS,Pasco,039,0,0,https://enr.electionsfl.org/PAS/4045/Precincts/59661/
PAS,Pasco,040,0,0,https://enr.electionsfl.org/PAS/4045/Precincts/59661/
PAS,Pasco,041,0,0,https://enr.electionsfl.org/PAS/4045/Precincts/59661/
PAS,Pasco,042,0,0,https://enr.electionsfl.org/PAS/4045/Precincts/59661/
PAS,Pasco,043,0,0,https://enr.electionsfl.org/PAS/4045/Precincts/59661/
PAS,Pasco,044,0,0,https://enr.electionsfl.org/PAS/4045/Precincts/59661/
PAS,Pasco,045,0,0,https://enr.electionsfl.org/PAS/4045/Precincts/59661/
PAS,Pasco,046,0,0,https://enr.electionsfl.org/PAS/4045/Precincts/59661/
PAS,Pasco,047,0,0,https://enr.electionsfl.org/PAS/4045/Precincts/59661/
PAS,Pasco,048,0,0,https://enr.electionsfl.org/PAS/4045/Precincts/59661/
PAS,Pasco,049,0,0,https://enr.electionsfl.org/PAS/4045/Precincts/59661/
PAS,Pasco,050,0,0,https://enr.electionsfl.org/PAS/4045/Precincts/59661/
PAS,Pasco,051,0,0,https://enr.electionsfl.org/PAS/4045/Precincts/59661/
PAS,Pasco,052,0,0,https://enr.electionsfl.org/PAS/4045/Precincts/59661/
PAS,Pasco,053,0,0,https://enr.electionsfl.org/PAS/4045/Precincts/59661/
PAS,Pasco,054,0,0,https://enr.electionsfl.org/PAS/4045/Precincts/59661/
PAS,Pasco,055,0,0,https://enr.electionsfl.org/PAS/4045/Precincts/59661/
PAS,Pasco,056,0,0,https://enr.electionsfl.org/PAS/4045/Precincts/59661/
PAS,Pasco,057,0,0,https://enr.electionsfl.org/PAS/4045/Precincts/59661/
PAS,Pasco,058,0,0,https://enr.electionsfl.org/PAS/4045/Precincts/59661/
PAS,Pasco,059,0,0,https://enr.electionsfl.org/PAS/4045/Precincts/59661/
PAS,Pasco,060,0,0,https://enr.electionsfl.org/PAS/4045/Precincts/59661/
PAS,Pasco,061,0,0,https://enr.electionsfl.org/PAS/4045/Precincts/59661/
PAS,Pasco,062,0,0,https://enr.electionsfl.org/PAS/4045/Precincts/59661/
PAS,Pasco,063,0,0,https://enr.electionsfl.org/PAS/4045/Precincts/59661/
PAS,Pasco,064,0,0,https://enr.electionsfl.org/PAS/4045/Precincts/59661/
PAS,Pasco,065,0,0,https://enr.electionsfl.org/PAS/4045/Precincts/59661/
PAS,Pasco,066,0,0,https://enr.electionsfl.org/PAS/4045/Precincts/59661/
PAS,Pasco,067,0,0,https://enr.electionsfl.org/PAS/4045/Precincts/59661/
PAS,Pasco,068,0,0,https://enr.electionsfl.org/PAS/4045/Precincts/59661/
PAS,Pasco,069,0,0,https://enr.electionsfl.org/PAS/4045/Precincts/59661/
PAS,Pasco,070,0,0,https://enr.electionsfl.org/PAS/4045/Precincts/59661/
PAS,Pasco,071,0,0,https://enr.electionsfl.org/PAS/4045/Precincts/59661/
PAS,Pasco,072,0,0,https://enr.electionsfl.org/PAS/4045/Precincts/59661/
PAS,Pasco,073,0,0,https://enr.electionsfl.org/PAS/4045/Precincts/59661/
PAS,Pasco,074,0,0,https://enr.electionsfl.org/PAS/4045/Precincts/59661/
PAS,Pasco,075,0,0,https://enr.electionsfl.org/PAS/4045/Precincts/59661/
PAS,Pasco,076,0,0,https://enr.electionsfl.org/PAS/4045/Precincts/59661/
PAS,Pasco,077,0,0,https://enr.electionsfl.org/PAS/4045/Precincts/59661/
PAS,Pasco,078,0,0,https://enr.electionsfl.org/PAS/4045/Precincts/59661/
PAS,Pasco,079,0,0,https://enr.electionsfl.org/PAS/4045/Precincts/59661/
PAS,Pasco,080,0,0,https://enr.electionsfl.org/PAS/4045/Precincts/59661/
PAS,Pasco,081,0,0,https://enr.electionsfl.org/PAS/4045/Precincts/59661/
PAS,Pasco,082,0,0,https://enr.electionsfl.org/PAS/4045/Precincts/59661/
PAS,Pasco,083,0,0,https://enr.electionsfl.org/PAS/4045/Precincts/59661/
PAS,Pasco,084,0,0,https://enr.electionsfl.org/PAS/4045/Precincts/59661/
PAS,Pasco,085,0,0,https://enr.electionsfl.org/PAS/4045/Precincts/59661/
PAS,Pasco,086,0,0,https://enr.electionsfl.org/PAS/4045/Precincts/59661/
PAS,Pasco,087,0,0,https://enr.electionsfl.org/PAS/4045/Precincts/59661/
PAS,Pasco,088,0,0,https://enr.electionsfl.org/PAS/4045/Precincts/59661/
PAS,Pasco,089,0,0,https://enr.electionsfl.org/PAS/4045/Precincts/59661/
PAS,Pasco,090,0,0,https://enr.electionsfl.org/PAS/4045/Precincts/59661/
PAS,Pasco,091,0,0,https://enr.electionsfl.org/PAS/4045/Precincts/59661/
PAS,Pasco,092,0,0,https://enr.electionsfl.org/PAS/4045/Precincts/59661/
PAS,Pasco,093,0,0,https://enr.electionsfl.org/PAS/4045/Precincts/59661/
PAS,Pasco,094,0,0,https://enr.electionsfl.org/PAS/4045/Precincts/59661/
PAS,Pasco,095,0,0,https://enr.electionsfl.org/PAS/4045/Precincts/59661/
PAS,Pasco,096,0,0,https://enr.electionsfl.org/PAS/4045/Precincts/59661/
PAS,Pasco,097,0,0,https://enr.electionsfl.org/PAS/4045/Precincts/59661/
PAS,Pasco,098,0,0,https://enr.electionsfl.org/PAS/4045/Precincts/59661/
PAS,Pasco,099,0,0,https://enr.electionsfl.org/PAS/4045/Precincts/59661/
PAS,Pasco,100,0,0,https://enr.electionsfl.org/PAS/4045/Precincts/59661/
PAS,Pasco,101,0,0,https://enr.electionsfl.org/PAS/4045/Precincts/59661/
PAS,Pasco,102,0,0,https://enr.electionsfl.org/PAS/4045/Precincts/59661/
PAS,Pasco,103,0,0,https://enr.electionsfl.org/PAS/4045/Precincts/59661/
PAS,Pasco,104,0,0,https://enr.electionsfl.org/PAS/4045/Precincts/59661/
PAS,Pasco,105,0,0,https://enr.electionsfl.org/PAS/4045/Precincts/59661/
PAS,Pasco,106,0,0,https://enr.electionsfl.org/PAS/4045/Precincts/59661/
PAS,Pasco,107,0,0,https://enr.electionsfl.org/PAS/4045/Precincts/59661/
PAS,Pasco,108,0,0,https://enr.electionsfl.org/PAS/4045/Precincts/59661/
PAS,Pasco,109,0,0,https://enr.electionsfl.org/PAS/4045/Precincts/59661/
PAS,Pasco,110,0,0,https://enr.electionsfl.org/PAS/4045/Precincts/59661/
PAS,Pasco,111,0,0,https://enr.electionsfl.org/PAS/4045/Precincts/59661/
PAS,Pasco,112,0,0,https://enr.electionsfl.org/PAS/4045/Precincts/59661/
PAS,Pasco,113,0,0,https://enr.electionsfl.org/PAS/4045/Precincts/59661/
PAS,Pasco,114,0,0,https://enr.electionsfl.org/PAS/4045/Precincts/59661/
PAS,Pasco,115,0,0,https://enr.electionsfl.org/PAS/4045/Precincts/59661/
PAS,Pasco,116,0,0,https://enr.electionsfl.org/PAS/4045/Precincts/59661/
PAS,Pasco,117,0,0,https://enr.electionsfl.org/PAS/4045/Precincts/59661/
PAS,Pasco,118,0,0,https://enr.electionsfl.org/PAS/4045/Precincts/59661/
PAS,Pasco,119,0,0,https://enr.electionsfl.org/PAS/4045/Precincts/59661/
PAS,Pasco,120,0,0,https://enr.electionsfl.org/PAS/4045/Precincts/59661/
PAS,Pasco,121,0,0,https://enr.electionsfl.org/PAS/4045/Precincts/59661/
PAS,Pasco,122,0,0,https://enr.electionsfl.org/PAS/4045/Precincts/59661/
POL,Polk,Precinct 101,50,34,https://enr.electionsfl.org/POL/3999/Precincts/59615/
POL,Polk,Precinct 102,34,20,https://enr.electionsfl.org/POL/3999/Precincts/59615/
POL,Polk,Precinct 103,145,106,https://enr.electionsfl.org/POL/3999/Precincts/59615/
POL,Polk,Precinct 104,147,84,https://enr.electionsfl.org/POL/3999/Precincts/59615/
POL,Polk,Precinct 105,135,82,https://enr.electionsfl.org/POL/3999/Precincts/59615/
POL,Polk,Precinct 106,306,161,https://enr.electionsfl.org/POL/3999/Precincts/59615/
POL,Polk,Precinct 107,123,135,https://enr.electionsfl.org/POL/3999/Precincts/59615/
POL,Polk,Precinct 109,87,142,https://enr.electionsfl.org/POL/3999/Precincts/59615/
POL,Polk,Precinct 110,106,66,https://enr.electionsfl.org/POL/3999/Precincts/59615/
POL,Polk,Precinct 111,212,146,https://enr.electionsfl.org/POL/3999/Precincts/59615/
POL,Polk,Precinct 112,214,123,https://enr.electionsfl.org/POL/3999/Precincts/59615/
POL,Polk,Precinct 115,137,95,https://enr.electionsfl.org/POL/3999/Precincts/59615/
POL,Polk,Precinct 116,71,46,https://enr.electionsfl.org/POL/3999/Precincts/59615/
POL,Polk,Precinct 117,2,0,https://enr.electionsfl.org/POL/3999/Precincts/59615/
POL,Polk,Precinct 118,244,121,https://enr.electionsfl.org/POL/3999/Precincts/59615/
POL,Polk,Precinct 119,30,21,https://enr.electionsfl.org/POL/3999/Precincts/59615/
POL,Polk,Precinct 120,93,68,https://enr.electionsfl.org/POL/3999/Precincts/59615/
POL,Polk,Precinct 121,178,89,https://enr.electionsfl.org/POL/3999/Precincts/59615/
POL,Polk,Precinct 123,150,72,https://enr.electionsfl.org/POL/3999/Precincts/59615/
POL,Polk,Precinct 124,78,52,https://enr.electionsfl.org/POL/3999/Precincts/59615/
POL,Polk,Precinct 125,326,204,https://enr.electionsfl.org/POL/3999/Precincts/59615/
POL,Polk,Precinct 126,113,75,https://enr.electionsfl.org/POL/3999/Precincts/59615/
POL,Polk,Precinct 127,0,0,https://enr.electionsfl.org/POL/3999/Precincts/59615/
POL,Polk,Precinct 128,13,13,https://enr.electionsfl.org/POL/3999/Precincts/59615/
POL,Polk,Precinct 130,171,87,https://enr.electionsfl.org/POL/3999/Precincts/59615/
POL,Polk,Precinct 201,127,58,https://enr.electionsfl.org/POL/3999/Precincts/59615/
POL,Polk,Precinct 203,65,51,https://enr.electionsfl.org/POL/3999/Precincts/59615/
POL,Polk,Precinct 204,286,59,https://enr.electionsfl.org/POL/3999/Precincts/59615/
POL,Polk,Precinct 205,177,30,https://enr.electionsfl.org/POL/3999/Precincts/59615/
POL,Polk,Precinct 206,147,57,https://enr.electionsfl.org/POL/3999/Precincts/59615/
POL,Polk,Precinct 208,104,109,https://enr.electionsfl.org/POL/3999/Precincts/59615/
POL,Polk,Precinct 209,102,44,https://enr.electionsfl.org/POL/3999/Precincts/59615/
POL,Polk,Precinct 210,74,21,https://enr.electionsfl.org/POL/3999/Precincts/59615/
POL,Polk,Precinct 211,83,43,https://enr.electionsfl.org/POL/3999/Precincts/59615/
POL,Polk,Precinct 212,51,30,https://enr.electionsfl.org/POL/3999/Precincts/59615/
POL,Polk,Precinct 213,40,13,https://enr.electionsfl.org/POL/3999/Precincts/59615/
POL,Polk,Precinct 214,95,41,https://enr.electionsfl.org/POL/3999/Precincts/59615/
POL,Polk,Precinct 215,214,117,https://enr.electionsfl.org/POL/3999/Precincts/59615/
POL,Polk,Precinct 216,86,77,https://enr.electionsfl.org/POL/3999/Precincts/59615/
POL,Polk,Precinct 217,149,109,https://enr.electionsfl.org/POL/3999/Precincts/59615/
POL,Polk,Precinct 218,45,22,https://enr.electionsfl.org/POL/3999/Precincts/59615/
POL,Polk,Precinct 219,119,80,https://enr.electionsfl.org/POL/3999/Precincts/59615/
POL,Polk,Precinct 220,86,56,https://enr.electionsfl.org/POL/3999/Precincts/59615/
POL,Polk,Precinct 221,123,128,https://enr.electionsfl.org/POL/3999/Precincts/59615/
POL,Polk,Precinct 222,117,86,https://enr.electionsfl.org/POL/3999/Precincts/59615/
POL,Polk,Precinct 223,54,55,https://enr.electionsfl.org/POL/3999/Precincts/59615/
POL,Polk,Precinct 224,84,93,https://enr.electionsfl.org/POL/3999/Precincts/59615/
POL,Polk,Precinct 225,102,47,https://enr.electionsfl.org/POL/3999/Precincts/59615/
POL,Polk,Precinct 226,31,12,https://enr.electionsfl.org/POL/3999/Precincts/59615/
POL,Polk,Precinct 227,8,9,https://enr.electionsfl.org/POL/3999/Precincts/59615/
POL,Polk,Precinct 228,47,55,https://enr.electionsfl.org/POL/3999/Precincts/59615/
POL,Polk,Precinct 229,100,113,https://enr.electionsfl.org/POL/3999/Precincts/59615/
POL,Polk,Precinct 230,92,47,https://enr.electionsfl.org/POL/3999/Precincts/59615/
POL,Polk,Precinct 231,119,112,https://enr.electionsfl.org/POL/3999/Precincts/59615/
POL,Polk,Precinct 233,98,51,https://enr.electionsfl.org/POL/3999/Precincts/59615/
POL,Polk,Precinct 234,59,26,https://enr.electionsfl.org/POL/3999/Precincts/59615/
POL,Polk,Precinct 235,103,112,https://enr.electionsfl.org/POL/3999/Precincts/59615/
POL,Polk,Precinct 236,168,122,https://enr.electionsfl.org/POL/3999/Precincts/59615/
POL,Polk,Precinct 238,95,38,https://enr.electionsfl.org/POL/3999/Precincts/59615/
POL,Polk,Precinct 239,129,128,https://enr.electionsfl.org/POL/3999/Precincts/59615/
POL,Polk,Precinct 240,62,48,https://enr.electionsfl.org/POL/3999/Precincts/59615/
POL,Polk,Precinct 241,153,107,https://enr.electionsfl.org/POL/3999/Precincts/59615/
POL,Polk,Precinct 243,95,79,https://enr.electionsfl.org/POL/3999/Precincts/59615/
POL,Polk,Precinct 244,100,29,https://enr.electionsfl.org/POL/3999/Precincts/59615/
POL,Polk,Precinct 245,100,85,https://enr.electionsfl.org/POL/3999/Precincts/59615/
POL,Polk,Precinct 246,28,13,https://enr.electionsfl.org/POL/3999/Precincts/59615/
POL,Polk,Precinct 247,155,76,https://enr.electionsfl.org/POL/3999/Precincts/59615/
POL,Polk,Precinct 248,187,199,https://enr.electionsfl.org/POL/3999/Precincts/59615/
POL,Polk,Precinct 249,124,80,https://enr.electionsfl.org/POL/3999/Precincts/59615/
POL,Polk,Precinct 250,181,81,https://enr.electionsfl.org/POL/3999/Precincts/59615/
POL,Polk,Precinct 252,20,12,https://enr.electionsfl.org/POL/3999/Precincts/59615/
POL,Polk,Precinct 253,20,11,https://enr.electionsfl.org/POL/3999/Precincts/59615/
POL,Polk,Precinct 254,148,84,https://enr.electionsfl.org/POL/3999/Precincts/59615/
POL,Polk,Precinct 255,166,107,https://enr.electionsfl.org/POL/3999/Precincts/59615/
POL,Polk,Precinct 256,133,81,https://enr.electionsfl.org/POL/3999/Precincts/59615/
POL,Polk,Precinct 258,13,5,https://enr.electionsfl.org/POL/3999/Precincts/59615/
POL,Polk,Precinct 301,97,50,https://enr.electionsfl.org/POL/3999/Precincts/59615/
POL,Polk,Precinct 302,134,66,https://enr.electionsfl.org/POL/3999/Precincts/59615/
POL,Polk,Precinct 303,126,108,https://enr.electionsfl.org/POL/3999/Precincts/59615/
POL,Polk,Precinct 304,243,159,https://enr.electionsfl.org/POL/3999/Precincts/59615/
POL,Polk,Precinct 306,206,127,https://enr.electionsfl.org/POL/3999/Precincts/59615/
POL,Polk,Precinct 307,33,23,https://enr.electionsfl.org/POL/3999/Precincts/59615/
POL,Polk,Precinct 309,109,65,https://enr.electionsfl.org/POL/3999/Precincts/59615/
POL,Polk,Precinct 310,45,41,https://enr.electionsfl.org/POL/3999/Precincts/59615/
POL,Polk,Precinct 312,262,179,https://enr.electionsfl.org/POL/3999/Precincts/59615/
POL,Polk,Precinct 313,154,70,https://enr.electionsfl.org/POL/3999/Precincts/59615/
POL,Polk,Precinct 314,135,97,https://enr.electionsfl.org/POL/3999/Precincts/59615/
POL,Polk,Precinct 315,32,9,https://enr.electionsfl.org/POL/3999/Precincts/59615/
POL,Polk,Precinct 316,45,15,https://enr.electionsfl.org/POL/3999/Precincts/59615/
POL,Polk,Precinct 319,130,113,https://enr.electionsfl.org/POL/3999/Precincts/59615/
POL,Polk,Precinct 321,85,57,https://enr.electionsfl.org/POL/3999/Precincts/59615/
POL,Polk,Precinct 322,68,22,https://enr.electionsfl.org/POL/3999/Precincts/59615/
POL,Polk,Precinct 323,74,64,https://enr.electionsfl.org/POL/3999/Precincts/59615/
POL,Polk,Precinct 324,67,72,https://enr.electionsfl.org/POL/3999/Precincts/59615/
POL,Polk,Precinct 325,296,42,https://enr.electionsfl.org/POL/3999/Precincts/59615/
POL,Polk,Precinct 326,336,117,https://enr.electionsfl.org/POL/3999/Precincts/59615/
POL,Polk,Precinct 327,118,52,https://enr.electionsfl.org/POL/3999/Precincts/59615/
POL,Polk,Precinct 329,125,73,https://enr.electionsfl.org/POL/3999/Precincts/59615/
POL,Polk,Precinct 330,89,40,https://enr.electionsfl.org/POL/3999/Precincts/59615/
POL,Polk,Precinct 331,97,58,https://enr.electionsfl.org/POL/3999/Precincts/59615/
POL,Polk,Precinct 332,128,83,https://enr.electionsfl.org/POL/3999/Precincts/59615/
POL,Polk,Precinct 333,160,119,https://enr.electionsfl.org/POL/3999/Precincts/59615/
POL,Polk,Precinct 334,52,37,https://enr.electionsfl.org/POL/3999/Precincts/59615/
POL,Polk,Precinct 336,66,83,https://enr.electionsfl.org/POL/3999/Precincts/59615/
POL,Polk,Precinct 337,151,89,https://enr.electionsfl.org/POL/3999/Precincts/59615/
POL,Polk,Precinct 338,91,45,https://enr.electionsfl.org/POL/3999/Precincts/59615/
POL,Polk,Precinct 339,125,90,https://enr.electionsfl.org/POL/3999/Precincts/59615/
POL,Polk,Precinct 340,19,8,https://enr.electionsfl.org/POL/3999/Precincts/59615/
POL,Polk,Precinct 341,127,64,https://enr.electionsfl.org/POL/3999/Precincts/59615/
POL,Polk,Precinct 342,40,20,https://enr.electionsfl.org/POL/3999/Precincts/59615/
POL,Polk,Precinct 343,46,12,https://enr.electionsfl.org/POL/3999/Precincts/59615/
POL,Polk,Precinct 344,62,61,https://enr.electionsfl.org/POL/3999/Precincts/59615/
POL,Polk,Precinct 401,248,100,https://enr.electionsfl.org/POL/3999/Precincts/59615/
POL,Polk,Precinct 402,217,229,https://enr.electionsfl.org/POL/3999/Precincts/59615/
POL,Polk,Precinct 403,190,138,https://enr.electionsfl.org/POL/3999/Precincts/59615/
POL,Polk,Precinct 404,241,111,https://enr.electionsfl.org/POL/3999/Precincts/59615/
POL,Polk,Precinct 405,144,60,https://enr.electionsfl.org/POL/3999/Precincts/59615/
POL,Polk,Precinct 406,165,79,https://enr.electionsfl.org/POL/3999/Precincts/59615/
POL,Polk,Precinct 407,338,64,https://enr.electionsfl.org/POL/3999/Precincts/59615/
POL,Polk,Precinct 408,144,54,https://enr.electionsfl.org/POL/3999/Precincts/59615/
POL,Polk,Precinct 409,195,94,https://enr.electionsfl.org/POL/3999/Precincts/59615/
POL,Polk,Precinct 411,422,510,https://enr.electionsfl.org/POL/3999/Precincts/59615/
POL,Polk,Precinct 412,250,143,https://enr.electionsfl.org/POL/3999/Precincts/59615/
POL,Polk,Precinct 413,94,34,https://enr.electionsfl.org/POL/3999/Precincts/59615/
POL,Polk,Precinct 414,58,28,https://enr.electionsfl.org/POL/3999/Precincts/59615/
POL,Polk,Precinct 415,209,149,https://enr.electionsfl.org/POL/3999/Precincts/59615/
POL,Polk,Precinct 416,221,85,https://enr.electionsfl.org/POL/3999/Precincts/59615/
POL,Polk,Precinct 418,70,50,https://enr.electionsfl.org/POL/3999/Precincts/59615/
POL,Polk,Precinct 419,87,52,https://enr.electionsfl.org/POL/3999/Precincts/59615/
POL,Polk,Precinct 421,68,66,https://enr.electionsfl.org/POL/3999/Precincts/59615/
POL,Polk,Precinct 422,151,80,https://enr.electionsfl.org/POL/3999/Precincts/59615/
POL,Polk,Precinct 423,115,54,https://enr.electionsfl.org/POL/3999/Precincts/59615/
POL,Polk,Precinct 424,149,57,https://enr.electionsfl.org/POL/3999/Precincts/59615/
POL,Polk,Precinct 425,182,253,https://enr.electionsfl.org/POL/3999/Precincts/59615/
POL,Polk,Precinct 501,109,15,https://enr.electionsfl.org/POL/3999/Precincts/59615/
POL,Polk,Precinct 504,289,87,https://enr.electionsfl.org/POL/3999/Precincts/59615/
POL,Polk,Precinct 505,107,23,https://enr.electionsfl.org/POL/3999/Precincts/59615/
POL,Polk,Precinct 506,66,42,https://enr.electionsfl.org/POL/3999/Precincts/59615/
POL,Polk,Precinct 507,174,115,https://enr.electionsfl.org/POL/3999/Precincts/59615/
POL,Polk,Precinct 509,161,33,https://enr.electionsfl.org/POL/3999/Precincts/59615/
POL,Polk,Precinct 510,73,16,https://enr.electionsfl.org/POL/3999/Precincts/59615/
POL,Polk,Precinct 511,51,29,https://enr.electionsfl.org/POL/3999/Precincts/59615/
POL,Polk,Precinct 512,43,12,https://enr.electionsfl.org/POL/3999/Precincts/59615/
POL,Polk,Precinct 514,45,22,https://enr.electionsfl.org/POL/3999/Precincts/59615/
POL,Polk,Precinct 516,35,20,https://enr.electionsfl.org/POL/3999/Precincts/59615/
POL,Polk,Precinct 517,120,18,https://enr.electionsfl.org/POL/3999/Precincts/59615/
POL,Polk,Precinct 518,56,46,https://enr.electionsfl.org/POL/3999/Precincts/59615/
POL,Polk,Precinct 519,72,27,https://enr.electionsfl.org/POL/3999/Precincts/59615/
POL,Polk,Precinct 520,43,17,https://enr.electionsfl.org/POL/3999/Precincts/59615/
POL,Polk,Precinct 522,128,118,https://enr.electionsfl.org/POL/3999/Precincts/59615/
POL,Polk,Precinct 523,82,17,https://enr.electionsfl.org/POL/3999/Precincts/59615/
POL,Polk,Precinct 524,93,72,https://enr.electionsfl.org/POL/3999/Precincts/59615/
POL,Polk,Precinct 526,58,108,https://enr.electionsfl.org/POL/3999/Precincts/59615/
POL,Polk,Precinct 527,188,103,https://enr.electionsfl.org/POL/3999/Precincts/59615/
POL,Polk,Precinct 528,56,12,https://enr.electionsfl.org/POL/3999/Precincts/59615/
POL,Polk,Precinct 529,239,192,https://enr.electionsfl.org/POL/3999/Precincts/59615/
POL,Polk,Precinct 530,84,29,https://enr.electionsfl.org/POL/3999/Precincts/59615/
POL,Polk,Precinct 532,69,34,https://enr.electionsfl.org/POL/3999/Precincts/59615/
POL,Polk,Precinct 533,56,59,https://enr.electionsfl.org/POL/3999/Precincts/59615/
POL,Polk,Precinct 534,18,25,https://enr.electionsfl.org/POL/3999/Precincts/59615/
POL,Polk,Precinct 535,54,33,https://enr.electionsfl.org/POL/3999/Precincts/59615/
POL,Polk,Precinct 536,38,21,https://enr.electionsfl.org/POL/3999/Precincts/59615/
POL,Polk,Precinct 537,64,56,https://enr.electionsfl.org/POL/3999/Precincts/59615/
POL,Polk,Precinct 538,23,11,https://enr.electionsfl.org/POL/3999/Precincts/59615/
POL,Polk,Precinct 539,50,24,https://enr.electionsfl.org/POL/3999/Precincts/59615/
POL,Polk,Precinct 540,28,25,https://enr.electionsfl.org/POL/3999/Precincts/59615/
POL,Polk,Precinct 542,44,62,https://enr.electionsfl.org/POL/3999/Precincts/59615/
POL,Polk,Precinct 543,7,10,https://enr.electionsfl.org/POL/3999/Precincts/59615/
POL,Polk,Precinct 544,41,10,https://enr.electionsfl.org/POL/3999/Precincts/59615/
POL,Polk,Precinct 545,12,5,https://enr.electionsfl.org/POL/3999/Precincts/59615/
POL,Polk,Precinct 546,0,0,https://enr.electionsfl.org/POL/3999/Precincts/59615/
POL,Polk,Precinct 547,3,0,https://enr.electionsfl.org/POL/3999/Precincts/59615/
POL,Polk,Precinct 548,0,0,https://enr.electionsfl.org/POL/3999/Precincts/59615/
POL,Polk,Precinct 549,2,3,https://enr.electionsfl.org/POL/3999/Precincts/59615/
POL,Polk,Precinct 550,0,0,https://enr.electionsfl.org/POL/3999/Precincts/59615/
POL,Polk,Precinct 551,26,23,https://enr.electionsfl.org/POL/3999/Precincts/59615/
POL,Polk,Precinct 552,3,2,https://enr.electionsfl.org/POL/3999/Precincts/59615/
POL,Polk,Precinct 553,0,0,https://enr.electionsfl.org/POL/3999/Precincts/59615/
PUT,Putnam,01.0 - South Putnam Government Center,46,24,https://enr.electionsfl.org/PUT/4013/Precincts/58596/
PUT,Putnam,02.0 - South Putnam Government Center,65,18,https://enr.electionsfl.org/PUT/4013/Precincts/58596/
PUT,Putnam,03.0 - Beulah Baptist Church,40,43,https://enr.electionsfl.org/PUT/4013/Precincts/58596/
PUT,Putnam,04.0 - The Church,35,31,https://enr.electionsfl.org/PUT/4013/Precincts/58596/
PUT,Putnam,05.0 - The Church,11,15,https://enr.electionsfl.org/PUT/4013/Precincts/58596/
PUT,Putnam,06.0 - Pomona Park Community Center,11,8,https://enr.electionsfl.org/PUT/4013/Precincts/58596/
PUT,Putnam,07.0 - Pomona Park Community Center,31,28,https://enr.electionsfl.org/PUT/4013/Precincts/58596/
PUT,Putnam,08.0 - Hope Lutheran Church,34,21,https://enr.electionsfl.org/PUT/4013/Precincts/58596/
PUT,Putnam,09.0 - Hope Lutheran Church,18,20,https://enr.electionsfl.org/PUT/4013/Precincts/58596/
PUT,Putnam,10.0 - The Church of Eleven22,80,50,https://enr.electionsfl.org/PUT/4013/Precincts/58596/
PUT,Putnam,11.0 - Putnam County Ag Center,136,59,https://enr.electionsfl.org/PUT/4013/Precincts/58596/
PUT,Putnam,12.0 - Bostwick Community Center,31,48,https://enr.electionsfl.org/PUT/4013/Precincts/58596/
PUT,Putnam,13.0 - Bardin Fire Dept,11,7,https://enr.electionsfl.org/PUT/4013/Precincts/58596/
PUT,Putnam,14.0 - Living Hope Family Worship Center,80,50,https://enr.electionsfl.org/PUT/4013/Precincts/58596/
PUT,Putnam,15.0 - Trinity Episcopal Church,99,99,https://enr.electionsfl.org/PUT/4013/Precincts/58596/
PUT,Putnam,16.0 - Woodlawn Baptist Church,48,27,https://enr.electionsfl.org/PUT/4013/Precincts/58596/
PUT,Putnam,17.0 - Woodlawn Baptist Church,105,88,https://enr.electionsfl.org/PUT/4013/Precincts/58596/
PUT,Putnam,18.0 - Interlachen Community Center,22,8,https://enr.electionsfl.org/PUT/4013/Precincts/58596/
PUT,Putnam,19.0 - Interlachen Community Center,2,4,https://enr.electionsfl.org/PUT/4013/Precincts/58596/
PUT,Putnam,20.0 - Interlachen Community Center,38,24,https://enr.electionsfl.org/PUT/4013/Precincts/58596/
PUT,Putnam,21.0 - Interlachen Community Center,30,34,https://enr.electionsfl.org/PUT/4013/Precincts/58596/
PUT,Putnam,22.0 - Grandin Lake Shores Community Center,53,45,https://enr.electionsfl.org/PUT/4013/Precincts/58596/
PUT,Putnam,23.0 - Dunham Woods Baptist Church,24,29,https://enr.electionsfl.org/PUT/4013/Precincts/58596/
PUT,Putnam,24.0 - Grace Community Baptist Church,22,27,https://enr.electionsfl.org/PUT/4013/Precincts/58596/
PUT,Putnam,25.0 - Southwest Fire Dept,56,43,https://enr.electionsfl.org/PUT/4013/Precincts/58596/
PUT,Putnam,26.0 - Southwest Fire Dept,5,3,https://enr.electionsfl.org/PUT/4013/Precincts/58596/
PUT,Putnam,27.0 - Edgar Johnson Senior Center,71,38,https://enr.electionsfl.org/PUT/4013/Precincts/58596/
PUT,Putnam,28.0 - Price Martin Community Center,76,2,https://enr.electionsfl.org/PUT/4013/Precincts/58596/
PUT,Putnam,29.0 - St Johns River State College,22,9,https://enr.electionsfl.org/PUT/4013/Precincts/58596/
PUT,Putnam,30.0 - St Johns River State College,8,8,https://enr.electionsfl.org/PUT/4013/Precincts/58596/
PUT,Putnam,31.0 - Southwest Fire Dept,22,4,https://enr.electionsfl.org/PUT/4013/Precincts/58596/
PUT,Putnam,32.0 - Edgar Johnson Senior Center,64,26,https://enr.electionsfl.org/PUT/4013/Precincts/58596/
PUT,Putnam,33.0 - Price Martin Community Center,155,37,https://enr.electionsfl.org/PUT/4013/Precincts/58596/
PUT,Putnam,34.0 - St Johns River State College,82,19,https://enr.electionsfl.org/PUT/4013/Precincts/58596/
PUT,Putnam,35.0 - St Johns River State College,11,4,https://enr.electionsfl.org/PUT/4013/Precincts/58596/
PUT,Putnam,36.0 - Palatka Woman's Club,65,34,https://enr.electionsfl.org/PUT/4013/Precincts/58596/
PUT,Putnam,37.0 - Palatka Woman's Club,138,50,https://enr.electionsfl.org/PUT/4013/Precincts/58596/
SAR,Sarasota,101,5,8,https://enr.electionsfl.org/SAR/4038/Precincts/59366/
SAR,Sarasota,103,261,89,https://enr.electionsfl.org/SAR/4038/Precincts/59366/
SAR,Sarasota,105,400,442,https://enr.electionsfl.org/SAR/4038/Precincts/59366/
SAR,Sarasota,106,151,312,https://enr.electionsfl.org/SAR/4038/Precincts/59366/
SAR,Sarasota,107,39,45,https://enr.electionsfl.org/SAR/4038/Precincts/59366/
SAR,Sarasota,109,213,395,https://enr.electionsfl.org/SAR/4038/Precincts/59366/
SAR,Sarasota,113,20,16,https://enr.electionsfl.org/SAR/4038/Precincts/59366/
SAR,Sarasota,115,524,214,https://enr.electionsfl.org/SAR/4038/Precincts/59366/
SAR,Sarasota,117,72,57,https://enr.electionsfl.org/SAR/4038/Precincts/59366/
SAR,Sarasota,119,171,131,https://enr.electionsfl.org/SAR/4038/Precincts/59366/
SAR,Sarasota,121,175,537,https://enr.electionsfl.org/SAR/4038/Precincts/59366/
SAR,Sarasota,123,140,108,https://enr.electionsfl.org/SAR/4038/Precincts/59366/
SAR,Sarasota,125,216,265,https://enr.electionsfl.org/SAR/4038/Precincts/59366/
SAR,Sarasota,127,392,508,https://enr.electionsfl.org/SAR/4038/Precincts/59366/
SAR,Sarasota,128,94,122,https://enr.electionsfl.org/SAR/4038/Precincts/59366/
SAR,Sarasota,129,106,112,https://enr.electionsfl.org/SAR/4038/Precincts/59366/
SAR,Sarasota,131,28,33,https://enr.electionsfl.org/SAR/4038/Precincts/59366/
SAR,Sarasota,133,209,372,https://enr.electionsfl.org/SAR/4038/Precincts/59366/
SAR,Sarasota,135,28,58,https://enr.electionsfl.org/SAR/4038/Precincts/59366/
SAR,Sarasota,201,79,397,https://enr.electionsfl.org/SAR/4038/Precincts/59366/
SAR,Sarasota,203,50,316,https://enr.electionsfl.org/SAR/4038/Precincts/59366/
SAR,Sarasota,205,124,219,https://enr.electionsfl.org/SAR/4038/Precincts/59366/
SAR,Sarasota,209,235,622,https://enr.electionsfl.org/SAR/4038/Precincts/59366/
SAR,Sarasota,211,51,228,https://enr.electionsfl.org/SAR/4038/Precincts/59366/
SAR,Sarasota,215,243,247,https://enr.electionsfl.org/SAR/4038/Precincts/59366/
SAR,Sarasota,217,58,69,https://enr.electionsfl.org/SAR/4038/Precincts/59366/
SAR,Sarasota,219,259,429,https://enr.electionsfl.org/SAR/4038/Precincts/59366/
SAR,Sarasota,221,399,359,https://enr.electionsfl.org/SAR/4038/Precincts/59366/
SAR,Sarasota,223,135,305,https://enr.electionsfl.org/SAR/4038/Precincts/59366/
SAR,Sarasota,227,221,269,https://enr.electionsfl.org/SAR/4038/Precincts/59366/
SAR,Sarasota,229,140,242,https://enr.electionsfl.org/SAR/4038/Precincts/59366/
SAR,Sarasota,231,373,572,https://enr.electionsfl.org/SAR/4038/Precincts/59366/
SAR,Sarasota,233,326,540,https://enr.electionsfl.org/SAR/4038/Precincts/59366/
SAR,Sarasota,301,111,241,https://enr.electionsfl.org/SAR/4038/Precincts/59366/
SAR,Sarasota,303,0,1,https://enr.electionsfl.org/SAR/4038/Precincts/59366/
SAR,Sarasota,305,119,231,https://enr.electionsfl.org/SAR/4038/Precincts/59366/
SAR,Sarasota,307,186,438,https://enr.electionsfl.org/SAR/4038/Precincts/59366/
SAR,Sarasota,309,132,159,https://enr.electionsfl.org/SAR/4038/Precincts/59366/
SAR,Sarasota,311,159,137,https://enr.electionsfl.org/SAR/4038/Precincts/59366/
SAR,Sarasota,312,130,133,https://enr.electionsfl.org/SAR/4038/Precincts/59366/
SAR,Sarasota,313,261,328,https://enr.electionsfl.org/SAR/4038/Precincts/59366/
SAR,Sarasota,314,196,181,https://enr.electionsfl.org/SAR/4038/Precincts/59366/
SAR,Sarasota,315,55,86,https://enr.electionsfl.org/SAR/4038/Precincts/59366/
SAR,Sarasota,317,118,80,https://enr.electionsfl.org/SAR/4038/Precincts/59366/
SAR,Sarasota,319,24,47,https://enr.electionsfl.org/SAR/4038/Precincts/59366/
SAR,Sarasota,321,130,470,https://enr.electionsfl.org/SAR/4038/Precincts/59366/
SAR,Sarasota,323,25,42,https://enr.electionsfl.org/SAR/4038/Precincts/59366/
SAR,Sarasota,325,17,16,https://enr.electionsfl.org/SAR/4038/Precincts/59366/
SAR,Sarasota,327,126,226,https://enr.electionsfl.org/SAR/4038/Precincts/59366/
SAR,Sarasota,329,121,116,https://enr.electionsfl.org/SAR/4038/Precincts/59366/
SAR,Sarasota,331,140,158,https://enr.electionsfl.org/SAR/4038/Precincts/59366/
SAR,Sarasota,333,15,51,https://enr.electionsfl.org/SAR/4038/Precincts/59366/
SAR,Sarasota,335,33,61,https://enr.electionsfl.org/SAR/4038/Precincts/59366/
SAR,Sarasota,337,19,38,https://enr.electionsfl.org/SAR/4038/Precincts/59366/
SAR,Sarasota,339,113,114,https://enr.electionsfl.org/SAR/4038/Precincts/59366/
SAR,Sarasota,341,28,31,https://enr.electionsfl.org/SAR/4038/Precincts/59366/
SAR,Sarasota,401,11,11,https://enr.electionsfl.org/SAR/4038/Precincts/59366/
SAR,Sarasota,403,24,74,https://enr.electionsfl.org/SAR/4038/Precincts/59366/
SAR,Sarasota,405,245,519,https://enr.electionsfl.org/SAR/4038/Precincts/59366/
SAR,Sarasota,407,240,358,https://enr.electionsfl.org/SAR/4038/Precincts/59366/
SAR,Sarasota,409,269,340,https://enr.electionsfl.org/SAR/4038/Precincts/59366/
SAR,Sarasota,411,88,216,https://enr.electionsfl.org/SAR/4038/Precincts/59366/
SAR,Sarasota,413,303,439,https://enr.electionsfl.org/SAR/4038/Precincts/59366/
SAR,Sarasota,415,243,527,https://enr.electionsfl.org/SAR/4038/Precincts/59366/
SAR,Sarasota,417,200,607,https://enr.electionsfl.org/SAR/4038/Precincts/59366/
SAR,Sarasota,419,100,166,https://enr.electionsfl.org/SAR/4038/Precincts/59366/
SAR,Sarasota,421,35,96,https://enr.electionsfl.org/SAR/4038/Precincts/59366/
SAR,Sarasota,423,182,539,https://enr.electionsfl.org/SAR/4038/Precincts/59366/
SAR,Sarasota,425,228,466,https://enr.electionsfl.org/SAR/4038/Precincts/59366/
SAR,Sarasota,427,10,17,https://enr.electionsfl.org/SAR/4038/Precincts/59366/
SAR,Sarasota,429,114,290,https://enr.electionsfl.org/SAR/4038/Precincts/59366/
SAR,Sarasota,430,109,226,https://enr.electionsfl.org/SAR/4038/Precincts/59366/
SAR,Sarasota,431,115,238,https://enr.electionsfl.org/SAR/4038/Precincts/59366/
SAR,Sarasota,433,68,112,https://enr.electionsfl.org/SAR/4038/Precincts/59366/
SAR,Sarasota,435,96,301,https://enr.electionsfl.org/SAR/4038/Precincts/59366/
SAR,Sarasota,437,14,28,https://enr.electionsfl.org/SAR/4038/Precincts/59366/
SAR,Sarasota,501,147,342,https://enr.electionsfl.org/SAR/4038/Precincts/59366/
SAR,Sarasota,505,43,100,https://enr.electionsfl.org/SAR/4038/Precincts/59366/
SAR,Sarasota,507,115,221,https://enr.electionsfl.org/SAR/4038/Precincts/59366/
SAR,Sarasota,509,56,76,https://enr.electionsfl.org/SAR/4038/Precincts/59366/
SAR,Sarasota,511,83,262,https://enr.electionsfl.org/SAR/4038/Precincts/59366/
SAR,Sarasota,513,43,71,https://enr.electionsfl.org/SAR/4038/Precincts/59366/
SAR,Sarasota,515,71,106,https://enr.electionsfl.org/SAR/4038/Precincts/59366/
SAR,Sarasota,517,157,239,https://enr.electionsfl.org/SAR/4038/Precincts/59366/
SAR,Sarasota,519,116,255,https://enr.electionsfl.org/SAR/4038/Precincts/59366/
SAR,Sarasota,521,58,103,https://enr.electionsfl.org/SAR/4038/Precincts/59366/
SAR,Sarasota,523,36,62,https://enr.electionsfl.org/SAR/4038/Precincts/59366/
SAR,Sarasota,525,91,208,https://enr.electionsfl.org/SAR/4038/Precincts/59366/
SAR,Sarasota,527,79,133,https://enr.electionsfl.org/SAR/4038/Precincts/59366/
SAR,Sarasota,529,141,192,https://enr.electionsfl.org/SAR/4038/Precincts/59366/
SAR,Sarasota,531,59,70,https://enr.electionsfl.org/SAR/4038/Precincts/59366/
SAR,Sarasota,533,116,151,https://enr.electionsfl.org/SAR/4038/Precincts/59366/
SAR,Sarasota,535,309,603,https://enr.electionsfl.org/SAR/4038/Precincts/59366/
SAR,Sarasota,537,166,238,https://enr.electionsfl.org/SAR/4038/Precincts/59366/
SAR,Sarasota,539,179,384,https://enr.electionsfl.org/SAR/4038/Precincts/59366/
SAR,Sarasota,541,281,724,https://enr.electionsfl.org/SAR/4038/Precincts/59366/
SAR,Sarasota,543,159,270,https://enr.electionsfl.org/SAR/4038/Precincts/59366/
SAR,Sarasota,545,227,432,https://enr.electionsfl.org/SAR/4038/Precincts/59366/
STJ,St. Johns,PCT 101,191,177,https://enr.electionsfl.org/STJ/4011/Precincts/58283/
STJ,St. Johns,PCT 102,113,82,https://enr.electionsfl.org/STJ/4011/Precincts/58283/
STJ,St. Johns,PCT 103,71,36,https://enr.electionsfl.org/STJ/4011/Precincts/58283/
STJ,St. Johns,PCT 104,163,131,https://enr.electionsfl.org/STJ/4011/Precincts/58283/
STJ,St. Johns,PCT 105,243,158,https://enr.electionsfl.org/STJ/4011/Precincts/58283/
STJ,St. Johns,PCT 106,154,103,https://enr.electionsfl.org/STJ/4011/Precincts/58283/
STJ,St. Johns,PCT 107,272,153,https://enr.electionsfl.org/STJ/4011/Precincts/58283/
STJ,St. Johns,PCT 108,67,78,https://enr.electionsfl.org/STJ/4011/Precincts/58283/
STJ,St. Johns,PCT 109,216,223,https://enr.electionsfl.org/STJ/4011/Precincts/58283/
STJ,St. Johns,PCT 201,149,91,https://enr.electionsfl.org/STJ/4011/Precincts/58283/
STJ,St. Johns,PCT 202,101,64,https://enr.electionsfl.org/STJ/4011/Precincts/58283/
STJ,St. Johns,PCT 203,140,87,https://enr.electionsfl.org/STJ/4011/Precincts/58283/
STJ,St. Johns,PCT 204,176,109,https://enr.electionsfl.org/STJ/4011/Precincts/58283/
STJ,St. Johns,PCT 205,155,216,https://enr.electionsfl.org/STJ/4011/Precincts/58283/
STJ,St. Johns,PCT 206,13,7,https://enr.electionsfl.org/STJ/4011/Precincts/58283/
STJ,St. Johns,PCT 207,59,45,https://enr.electionsfl.org/STJ/4011/Precincts/58283/
STJ,St. Johns,PCT 208,159,102,https://enr.electionsfl.org/STJ/4011/Precincts/58283/
STJ,St. Johns,PCT 209,128,97,https://enr.electionsfl.org/STJ/4011/Precincts/58283/
STJ,St. Johns,PCT 210,119,119,https://enr.electionsfl.org/STJ/4011/Precincts/58283/
STJ,St. Johns,PCT 211,114,80,https://enr.electionsfl.org/STJ/4011/Precincts/58283/
STJ,St. Johns,PCT 212,16,9,https://enr.electionsfl.org/STJ/4011/Precincts/58283/
STJ,St. Johns,PCT 213,233,91,https://enr.electionsfl.org/STJ/4011/Precincts/58283/
STJ,St. Johns,PCT 214,158,117,https://enr.electionsfl.org/STJ/4011/Precincts/58283/
STJ,St. Johns,PCT 301,99,66,https://enr.electionsfl.org/STJ/4011/Precincts/58283/
STJ,St. Johns,PCT 302,102,26,https://enr.electionsfl.org/STJ/4011/Precincts/58283/
STJ,St. Johns,PCT 303,313,150,https://enr.electionsfl.org/STJ/4011/Precincts/58283/
STJ,St. Johns,PCT 304,81,104,https://enr.electionsfl.org/STJ/4011/Precincts/58283/
STJ,St. Johns,PCT 305,244,315,https://enr.electionsfl.org/STJ/4011/Precincts/58283/
STJ,St. Johns,PCT 306,213,155,https://enr.electionsfl.org/STJ/4011/Precincts/58283/
STJ,St. Johns,PCT 307,87,70,https://enr.electionsfl.org/STJ/4011/Precincts/58283/
STJ,St. Johns,PCT 308,87,170,https://enr.electionsfl.org/STJ/4011/Precincts/58283/
STJ,St. Johns,PCT 309,342,351,https://enr.electionsfl.org/STJ/4011/Precincts/58283/
STJ,St. Johns,PCT 310,200,251,https://enr.electionsfl.org/STJ/4011/Precincts/58283/
STJ,St. Johns,PCT 311,214,331,https://enr.electionsfl.org/STJ/4011/Precincts/58283/
STJ,St. Johns,PCT 401,157,142,https://enr.electionsfl.org/STJ/4011/Precincts/58283/
STJ,St. Johns,PCT 402,181,261,https://enr.electionsfl.org/STJ/4011/Precincts/58283/
STJ,St. Johns,PCT 403,137,176,https://enr.electionsfl.org/STJ/4011/Precincts/58283/
STJ,St. Johns,PCT 404,72,87,https://enr.electionsfl.org/STJ/4011/Precincts/58283/
STJ,St. Johns,PCT 405,171,121,https://enr.electionsfl.org/STJ/4011/Precincts/58283/
STJ,St. Johns,PCT 406,273,220,https://enr.electionsfl.org/STJ/4011/Precincts/58283/
STJ,St. Johns,PCT 407,14,18,https://enr.electionsfl.org/STJ/4011/Precincts/58283/
STJ,St. Johns,PCT 408,298,473,https://enr.electionsfl.org/STJ/4011/Precincts/58283/
STJ,St. Johns,PCT 409,50,65,https://enr.electionsfl.org/STJ/4011/Precincts/58283/
STJ,St. Johns,PCT 501,75,63,https://enr.electionsfl.org/STJ/4011/Precincts/58283/
STJ,St. Johns,PCT 502,102,69,https://enr.electionsfl.org/STJ/4011/Precincts/58283/
STJ,St. Johns,PCT 503,100,114,https://enr.electionsfl.org/STJ/4011/Precincts/58283/
STJ,St. Johns,PCT 504,316,219,https://enr.electionsfl.org/STJ/4011/Precincts/58283/
STJ,St. Johns,PCT 505,153,138,https://enr.electionsfl.org/STJ/4011/Precincts/58283/
STJ,St. Johns,PCT 506,221,197,https://enr.electionsfl.org/STJ/4011/Precincts/58283/
STJ,St. Johns,PCT 507,114,178,https://enr.electionsfl.org/STJ/4011/Precincts/58283/
STJ,St. Johns,PCT 508,199,114,https://enr.electionsfl.org/STJ/4011/Precincts/58283/
STJ,St. Johns,PCT 509,147,167,https://enr.electionsfl.org/STJ/4011/Precincts/58283/
STJ,St. Johns,PCT 510,246,297,https://enr.electionsfl.org/STJ/4011/Precincts/58283/
STJ,St. Johns,PCT 511,288,332,https://enr.electionsfl.org/STJ/4011/Precincts/58283/
STJ,St. Johns,PCT 512,121,63,https://enr.electionsfl.org/STJ/4011/Precincts/58283/
STL,St. Lucie,Precinct 1,192,120,https://enr.electionsfl.org/STL/4030/Precincts/59068/
STL,St. Lucie,Precinct 10,101,55,https://enr.electionsfl.org/STL/4030/Precincts/59068/
STL,St. Lucie,Precinct 11,8,11,https://enr.electionsfl.org/STL/4030/Precincts/59068/
STL,St. Lucie,Precinct 12,192,199,https://enr.electionsfl.org/STL/4030/Precincts/59068/
STL,St. Lucie,Precinct 13,203,83,https://enr.electionsfl.org/STL/4030/Precincts/59068/
STL,St. Lucie,Precinct 14,371,67,https://enr.electionsfl.org/STL/4030/Precincts/59068/
STL,St. Lucie,Precinct 15,66,153,https://enr.electionsfl.org/STL/4030/Precincts/59068/
STL,St. Lucie,Precinct 16,89,201,https://enr.electionsfl.org/STL/4030/Precincts/59068/
STL,St. Lucie,Precinct 17,312,50,https://enr.electionsfl.org/STL/4030/Precincts/59068/
STL,St. Lucie,Precinct 18,139,32,https://enr.electionsfl.org/STL/4030/Precincts/59068/
STL,St. Lucie,Precinct 19,241,80,https://enr.electionsfl.org/STL/4030/Precincts/59068/
STL,St. Lucie,Precinct 2,76,44,https://enr.electionsfl.org/STL/4030/Precincts/59068/
STL,St. Lucie,Precinct 20,37,52,https://enr.electionsfl.org/STL/4030/Precincts/59068/
STL,St. Lucie,Precinct 21,125,139,https://enr.electionsfl.org/STL/4030/Precincts/59068/
STL,St. Lucie,Precinct 22,226,181,https://enr.electionsfl.org/STL/4030/Precincts/59068/
STL,St. Lucie,Precinct 23,215,106,https://enr.electionsfl.org/STL/4030/Precincts/59068/
STL,St. Lucie,Precinct 24,230,41,https://enr.electionsfl.org/STL/4030/Precincts/59068/
STL,St. Lucie,Precinct 25,219,183,https://enr.electionsfl.org/STL/4030/Precincts/59068/
STL,St. Lucie,Precinct 26,245,164,https://enr.electionsfl.org/STL/4030/Precincts/59068/
STL,St. Lucie,Precinct 28,101,67,https://enr.electionsfl.org/STL/4030/Precincts/59068/
STL,St. Lucie,Precinct 31,84,101,https://enr.electionsfl.org/STL/4030/Precincts/59068/
STL,St. Lucie,Precinct 35,107,56,https://enr.electionsfl.org/STL/4030/Precincts/59068/
STL,St. Lucie,Precinct 36,98,66,https://enr.electionsfl.org/STL/4030/Precincts/59068/
STL,St. Lucie,Precinct 37,361,201,https://enr.electionsfl.org/STL/4030/Precincts/59068/
STL,St. Lucie,Precinct 38,78,65,https://enr.electionsfl.org/STL/4030/Precincts/59068/
STL,St. Lucie,Precinct 39,88,102,https://enr.electionsfl.org/STL/4030/Precincts/59068/
STL,St. Lucie,Precinct 40,104,27,https://enr.electionsfl.org/STL/4030/Precincts/59068/
STL,St. Lucie,Precinct 41,189,129,https://enr.electionsfl.org/STL/4030/Precincts/59068/
STL,St. Lucie,Precinct 42,182,303,https://enr.electionsfl.org/STL/4030/Precincts/59068/
STL,St. Lucie,Precinct 43,145,272,https://enr.electionsfl.org/STL/4030/Precincts/59068/
STL,St. Lucie,Precinct 45,124,110,https://enr.electionsfl.org/STL/4030/Precincts/59068/
STL,St. Lucie,Precinct 46,204,157,https://enr.electionsfl.org/STL/4030/Precincts/59068/
STL,St. Lucie,Precinct 47,197,129,https://enr.electionsfl.org/STL/4030/Precincts/59068/
STL,St. Lucie,Precinct 49,318,158,https://enr.electionsfl.org/STL/4030/Precincts/59068/
STL,St. Lucie,Precinct 50,639,307,https://enr.electionsfl.org/STL/4030/Precincts/59068/
STL,St. Lucie,Precinct 51,280,144,https://enr.electionsfl.org/STL/4030/Precincts/59068/
STL,St. Lucie,Precinct 52,70,72,https://enr.electionsfl.org/STL/4030/Precincts/59068/
STL,St. Lucie,Precinct 53,251,267,https://enr.electionsfl.org/STL/4030/Precincts/59068/
STL,St. Lucie,Precinct 56,115,89,https://enr.electionsfl.org/STL/4030/Precincts/59068/
STL,St. Lucie,Precinct 6,250,130,https://enr.electionsfl.org/STL/4030/Precincts/59068/
STL,St. Lucie,Precinct 60,20,35,https://enr.electionsfl.org/STL/4030/Precincts/59068/
STL,St. Lucie,Precinct 65,11,41,https://enr.electionsfl.org/STL/4030/Precincts/59068/
STL,St. Lucie,Precinct 66,155,193,https://enr.electionsfl.org/STL/4030/Precincts/59068/
STL,St. Lucie,Precinct 67,115,135,https://enr.electionsfl.org/STL/4030/Precincts/59068/
STL,St. Lucie,Precinct 68,276,167,https://enr.electionsfl.org/STL/4030/Precincts/59068/
STL,St. Lucie,Precinct 71,421,234,https://enr.electionsfl.org/STL/4030/Precincts/59068/
STL,St. Lucie,Precinct 73,313,224,https://enr.electionsfl.org/STL/4030/Precincts/59068/
STL,St. Lucie,Precinct 74,72,136,https://enr.electionsfl.org/STL/4030/Precincts/59068/
STL,St. Lucie,Precinct 75,133,65,https://enr.electionsfl.org/STL/4030/Precincts/59068/
STL,St. Lucie,Precinct 8,125,133,https://enr.electionsfl.org/STL/4030/Precincts/59068/
STL,St. Lucie,Precinct 82,268,200,https://enr.electionsfl.org/STL/4030/Precincts/59068/
STL,St. Lucie,Precinct 83,584,313,https://enr.electionsfl.org/STL/4030/Precincts/59068/
STL,St. Lucie,Precinct 84,352,233,https://enr.electionsfl.org/STL/4030/Precincts/59068/
STL,St. Lucie,Precinct 85,168,491,https://enr.electionsfl.org/STL/4030/Precincts/59068/
STL,St. Lucie,Precinct 86,82,157,https://enr.electionsfl.org/STL/4030/Precincts/59068/
STL,St. Lucie,Precinct 89,404,588,https://enr.electionsfl.org/STL/4030/Precincts/59068/
STL,St. Lucie,Precinct 9,71,199,https://enr.electionsfl.org/STL/4030/Precincts/59068/
STL,St. Lucie,Precinct 90,151,165,https://enr.electionsfl.org/STL/4030/Precincts/59068/
STL,St. Lucie,Precinct 91,116,62,https://enr.electionsfl.org/STL/4030/Precincts/59068/
STL,St. Lucie,Precinct 92,522,1099,https://enr.electionsfl.org/STL/4030/Precincts/59068/
STL,St. Lucie,Precinct 94,0,0,https://enr.electionsfl.org/STL/4030/Precincts/59068/
STL,St. Lucie,Precinct 95,530,375,https://enr.electionsfl.org/STL/4030/Precincts/59068/
SUM,Sumter,101 SAVANNAH REC CENTER,82,107,https://enr.electionsfl.org/SUM/3989/Precincts/58510/
SUM,Sumter,102 TIERRA DEL SOL REC CENTER,127,268,https://enr.electionsfl.org/SUM/3989/Precincts/58510/
SUM,Sumter,103 SADDLEBROOK REC CENTER,141,337,https://enr.electionsfl.org/SUM/3989/Precincts/58510/
SUM,Sumter,104 PIMLICO REC CENTER,82,222,https://enr.electionsfl.org/SUM/3989/Precincts/58510/
SUM,Sumter,105 COCONUT COVE REC CENTER,159,374,https://enr.electionsfl.org/SUM/3989/Precincts/58510/
SUM,Sumter,106 CANAL STREET REC CENTER,91,286,https://enr.electionsfl.org/SUM/3989/Precincts/58510/
SUM,Sumter,107 LAUREL MANOR REC CENTER,61,211,https://enr.electionsfl.org/SUM/3989/Precincts/58510/
SUM,Sumter,108 ALLAMANDA REC CENTER,73,206,https://enr.electionsfl.org/SUM/3989/Precincts/58510/
SUM,Sumter,109 TRUMAN REC CENTER,67,185,https://enr.electionsfl.org/SUM/3989/Precincts/58510/
SUM,Sumter,110 STERLING HEIGHTS REC CENTER,104,254,https://enr.electionsfl.org/SUM/3989/Precincts/58510/
SUM,Sumter,111 CAPTIVA REC CENTER,158,527,https://enr.electionsfl.org/SUM/3989/Precincts/58510/
SUM,Sumter,112 OXFORD COMMUNITY BUILDING,153,162,https://enr.electionsfl.org/SUM/3989/Precincts/58510/
SUM,Sumter,113 ROYAL COMMUNITY BUILDING,63,24,https://enr.electionsfl.org/SUM/3989/Precincts/58510/
SUM,Sumter,114 LAKE PANASOFFKEE REC CENTER,72,56,https://enr.electionsfl.org/SUM/3989/Precincts/58510/
SUM,Sumter,115 WILDWOOD COMMUNITY BUILDING,163,79,https://enr.electionsfl.org/SUM/3989/Precincts/58510/
SUM,Sumter,116 EVERGLADES REC CENTER,84,180,https://enr.electionsfl.org/SUM/3989/Precincts/58510/
SUM,Sumter,117 FENNEY REC CENTER,131,313,https://enr.electionsfl.org/SUM/3989/Precincts/58510/
SUM,Sumter,118 BUSHNELL COMMUNITY BUILDING,88,71,https://enr.electionsfl.org/SUM/3989/Precincts/58510/
SUM,Sumter,119 CENTER HILL COMMUNITY BUILDING,23,22,https://enr.electionsfl.org/SUM/3989/Precincts/58510/
SUM,Sumter,120 BUSHNELL METHODIST CHURCH,115,147,https://enr.electionsfl.org/SUM/3989/Precincts/58510/
SUM,Sumter,121 INDIAN HILL BAPTIST CHURCH,35,37,https://enr.electionsfl.org/SUM/3989/Precincts/58510/
SUM,Sumter,122 LAKE OKAHUMPKA REC CENTER,66,173,https://enr.electionsfl.org/SUM/3989/Precincts/58510/
SUM,Sumter,123 WEBSTER COMMUNITY BUILDING,95,59,https://enr.electionsfl.org/SUM/3989/Precincts/58510/
SUM,Sumter,124 EZELL REC CENTER,150,305,https://enr.electionsfl.org/SUM/3989/Precincts/58510/
SUM,Sumter,125 EL SANTIAGO REC CENTER,89,194,https://enr.electionsfl.org/SUM/3989/Precincts/58510/
SUM,Sumter,126 RIVERBEND REC CENTER,132,214,https://enr.electionsfl.org/SUM/3989/Precincts/58510/
SUM,Sumter,127 COLONY COTTAGE REC CENTER,96,278,https://enr.electionsfl.org/SUM/3989/Precincts/58510/
SUM,Sumter,128 FISH HAWK REC CENTER,152,322,https://enr.electionsfl.org/SUM/3989/Precincts/58510/
SUM,Sumter,129 EISENHOWER REC CENTER,107,353,https://enr.electionsfl.org/SUM/3989/Precincts/58510/
SUM,Sumter,130 ROHAN REC CENTER,125,382,https://enr.electionsfl.org/SUM/3989/Precincts/58510/
SUM,Sumter,131 SALUKI REC CENTER,78,120,https://enr.electionsfl.org/SUM/3989/Precincts/58510/
SUM,Sumter,132 SUMTER COUNTY FAIRGROUNDS,56,40,https://enr.electionsfl.org/SUM/3989/Precincts/58510/
SUM,Sumter,133 COLEMAN COMMUNITY BUILDING,30,18,https://enr.electionsfl.org/SUM/3989/Precincts/58510/
TAY,Taylor,1-1st United Methodist Ch,55,34,https://enr.electionsfl.org/TAY/4018/Precincts/59483/
TAY,Taylor,10-Lakeside Bapt Church,13,10,https://enr.electionsfl.org/TAY/4018/Precincts/59483/
TAY,Taylor,11-Athena Baptist Church,2,5,https://enr.electionsfl.org/TAY/4018/Precincts/59483/
TAY,Taylor,12-Perry Shrine Bldg,24,16,https://enr.electionsfl.org/TAY/4018/Precincts/59483/
TAY,Taylor,13-Jerkins Bldg,186,30,https://enr.electionsfl.org/TAY/4018/Precincts/59483/
TAY,Taylor,14-Mt Carmel Bapt Church,62,28,https://enr.electionsfl.org/TAY/4018/Precincts/59483/
TAY,Taylor,2-Forest Capital Hall-Pct 2,21,19,https://enr.electionsfl.org/TAY/4018/Precincts/59483/
TAY,Taylor,3-Taylor Coastal Water & Sewer Dist,11,8,https://enr.electionsfl.org/TAY/4018/Precincts/59483/
TAY,Taylor,4-Salem Baptist Church,0,1,https://enr.electionsfl.org/TAY/4018/Precincts/59483/
TAY,Taylor,5-Steinhatchee Comm Cntr,12,16,https://enr.electionsfl.org/TAY/4018/Precincts/59483/
TAY,Taylor,6-Shady Gr Comm Center,10,7,https://enr.electionsfl.org/TAY/4018/Precincts/59483/
TAY,Taylor,7-Boyd Methodist Church,42,32,https://enr.electionsfl.org/TAY/4018/Precincts/59483/
TAY,Taylor,8-New Home Baptist Church,17,20,https://enr.electionsfl.org/TAY/4018/Precincts/59483/
TAY,Taylor,9-Forest Capital Hall-Pct 9,11,8,https://enr.electionsfl.org/TAY/4018/Precincts/59483/
UNI,Union,Lake Butler Community Center 1,36,20,https://enr.electionsfl.org/UNI/3981/Precincts/59115/
UNI,Union,Lake Butler Community Center 5,14,10,https://enr.electionsfl.org/UNI/3981/Precincts/59115/
UNI,Union,Palestine Fire Station 5B,9,9,https://enr.electionsfl.org/UNI/3981/Precincts/59115/
UNI,Union,Providence Community Center 4B,39,24,https://enr.electionsfl.org/UNI/3981/Precincts/59115/
UNI,Union,Raiford Community Center 2A &,41,17,https://enr.electionsfl.org/UNI/3981/Precincts/59115/
UNI,Union,SREC Building 3C,7,4,https://enr.electionsfl.org/UNI/3981/Precincts/59115/
UNI,Union,SREC Building 4A & 4C,27,13,https://enr.electionsfl.org/UNI/3981/Precincts/59115/
UNI,Union,Worthington Springs Comm Ctnr,26,29,https://enr.electionsfl.org/UNI/3981/Precincts/59115/
VOL,Volusia,101,33,25,https://enr.electionsfl.org/VOL/4004/Precincts/58083/
VOL,Volusia,102,27,14,https://enr.electionsfl.org/VOL/4004/Precincts/58083/
VOL,Volusia,103,17,22,https://enr.electionsfl.org/VOL/4004/Precincts/58083/
VOL,Volusia,104,144,172,https://enr.electionsfl.org/VOL/4004/Precincts/58083/
VOL,Volusia,105,11,10,https://enr.electionsfl.org/VOL/4004/Precincts/58083/
VOL,Volusia,201,72,118,https://enr.electionsfl.org/VOL/4004/Precincts/58083/
VOL,Volusia,202,8,10,https://enr.electionsfl.org/VOL/4004/Precincts/58083/
VOL,Volusia,203,9,21,https://enr.electionsfl.org/VOL/4004/Precincts/58083/
VOL,Volusia,204,126,51,https://enr.electionsfl.org/VOL/4004/Precincts/58083/
VOL,Volusia,205,177,270,https://enr.electionsfl.org/VOL/4004/Precincts/58083/
VOL,Volusia,206,124,93,https://enr.electionsfl.org/VOL/4004/Precincts/58083/
VOL,Volusia,207,118,143,https://enr.electionsfl.org/VOL/4004/Precincts/58083/
VOL,Volusia,208,231,184,https://enr.electionsfl.org/VOL/4004/Precincts/58083/
VOL,Volusia,209,296,305,https://enr.electionsfl.org/VOL/4004/Precincts/58083/
VOL,Volusia,210,245,269,https://enr.electionsfl.org/VOL/4004/Precincts/58083/
VOL,Volusia,211,334,243,https://enr.electionsfl.org/VOL/4004/Precincts/58083/
VOL,Volusia,212,301,135,https://enr.electionsfl.org/VOL/4004/Precincts/58083/
VOL,Volusia,213,5,7,https://enr.electionsfl.org/VOL/4004/Precincts/58083/
VOL,Volusia,214,65,79,https://enr.electionsfl.org/VOL/4004/Precincts/58083/
VOL,Volusia,215,3,6,https://enr.electionsfl.org/VOL/4004/Precincts/58083/
VOL,Volusia,216,353,544,https://enr.electionsfl.org/VOL/4004/Precincts/58083/
VOL,Volusia,217,31,28,https://enr.electionsfl.org/VOL/4004/Precincts/58083/
VOL,Volusia,218,2,3,https://enr.electionsfl.org/VOL/4004/Precincts/58083/
VOL,Volusia,219,4,5,https://enr.electionsfl.org/VOL/4004/Precincts/58083/
VOL,Volusia,220,101,95,https://enr.electionsfl.org/VOL/4004/Precincts/58083/
VOL,Volusia,301,89,68,https://enr.electionsfl.org/VOL/4004/Precincts/58083/
VOL,Volusia,302,95,36,https://enr.electionsfl.org/VOL/4004/Precincts/58083/
VOL,Volusia,303,90,51,https://enr.electionsfl.org/VOL/4004/Precincts/58083/
VOL,Volusia,304,66,58,https://enr.electionsfl.org/VOL/4004/Precincts/58083/
VOL,Volusia,305,76,126,https://enr.electionsfl.org/VOL/4004/Precincts/58083/
VOL,Volusia,306,47,58,https://enr.electionsfl.org/VOL/4004/Precincts/58083/
VOL,Volusia,307,176,151,https://enr.electionsfl.org/VOL/4004/Precincts/58083/
VOL,Volusia,308,14,30,https://enr.electionsfl.org/VOL/4004/Precincts/58083/
VOL,Volusia,309,157,170,https://enr.electionsfl.org/VOL/4004/Precincts/58083/
VOL,Volusia,310,28,40,https://enr.electionsfl.org/VOL/4004/Precincts/58083/
VOL,Volusia,311,326,240,https://enr.electionsfl.org/VOL/4004/Precincts/58083/
VOL,Volusia,312,17,15,https://enr.electionsfl.org/VOL/4004/Precincts/58083/
VOL,Volusia,313,108,87,https://enr.electionsfl.org/VOL/4004/Precincts/58083/
VOL,Volusia,314,60,16,https://enr.electionsfl.org/VOL/4004/Precincts/58083/
VOL,Volusia,401,369,223,https://enr.electionsfl.org/VOL/4004/Precincts/58083/
VOL,Volusia,402,81,60,https://enr.electionsfl.org/VOL/4004/Precincts/58083/
VOL,Volusia,403,341,224,https://enr.electionsfl.org/VOL/4004/Precincts/58083/
VOL,Volusia,404,257,187,https://enr.electionsfl.org/VOL/4004/Precincts/58083/
VOL,Volusia,405,178,98,https://enr.electionsfl.org/VOL/4004/Precincts/58083/
VOL,Volusia,406,215,152,https://enr.electionsfl.org/VOL/4004/Precincts/58083/
VOL,Volusia,407,77,52,https://enr.electionsfl.org/VOL/4004/Precincts/58083/
VOL,Volusia,408,344,198,https://enr.electionsfl.org/VOL/4004/Precincts/58083/
VOL,Volusia,409,213,130,https://enr.electionsfl.org/VOL/4004/Precincts/58083/
VOL,Volusia,410,180,128,https://enr.electionsfl.org/VOL/4004/Precincts/58083/
VOL,Volusia,411,313,218,https://enr.electionsfl.org/VOL/4004/Precincts/58083/
VOL,Volusia,412,334,201,https://enr.electionsfl.org/VOL/4004/Precincts/58083/
VOL,Volusia,413,198,126,https://enr.electionsfl.org/VOL/4004/Precincts/58083/
VOL,Volusia,414,30,23,https://enr.electionsfl.org/VOL/4004/Precincts/58083/
VOL,Volusia,415,49,52,https://enr.electionsfl.org/VOL/4004/Precincts/58083/
VOL,Volusia,416,16,14,https://enr.electionsfl.org/VOL/4004/Precincts/58083/
VOL,Volusia,417,7,6,https://enr.electionsfl.org/VOL/4004/Precincts/58083/
VOL,Volusia,418,53,70,https://enr.electionsfl.org/VOL/4004/Precincts/58083/
VOL,Volusia,501,97,245,https://enr.electionsfl.org/VOL/4004/Precincts/58083/
VOL,Volusia,502,75,114,https://enr.electionsfl.org/VOL/4004/Precincts/58083/
VOL,Volusia,503,194,413,https://enr.electionsfl.org/VOL/4004/Precincts/58083/
VOL,Volusia,504,15,64,https://enr.electionsfl.org/VOL/4004/Precincts/58083/
VOL,Volusia,505,24,16,https://enr.electionsfl.org/VOL/4004/Precincts/58083/
VOL,Volusia,506,192,120,https://enr.electionsfl.org/VOL/4004/Precincts/58083/
VOL,Volusia,507,111,139,https://enr.electionsfl.org/VOL/4004/Precincts/58083/
VOL,Volusia,508,82,106,https://enr.electionsfl.org/VOL/4004/Precincts/58083/
VOL,Volusia,509,68,80,https://enr.electionsfl.org/VOL/4004/Precincts/58083/
VOL,Volusia,510,11,31,https://enr.electionsfl.org/VOL/4004/Precincts/58083/
VOL,Volusia,511,97,203,https://enr.electionsfl.org/VOL/4004/Precincts/58083/
VOL,Volusia,512,271,316,https://enr.electionsfl.org/VOL/4004/Precincts/58083/
VOL,Volusia,513,80,124,https://enr.electionsfl.org/VOL/4004/Precincts/58083/
VOL,Volusia,514,151,246,https://enr.electionsfl.org/VOL/4004/Precincts/58083/
VOL,Volusia,515,121,229,https://enr.electionsfl.org/VOL/4004/Precincts/58083/
VOL,Volusia,516,133,248,https://enr.electionsfl.org/VOL/4004/Precincts/58083/
VOL,Volusia,517,168,179,https://enr.electionsfl.org/VOL/4004/Precincts/58083/
VOL,Volusia,518,79,65,https://enr.electionsfl.org/VOL/4004/Precincts/58083/
VOL,Volusia,519,76,75,https://enr.electionsfl.org/VOL/4004/Precincts/58083/
VOL,Volusia,520,101,63,https://enr.electionsfl.org/VOL/4004/Precincts/58083/
VOL,Volusia,521,62,71,https://enr.electionsfl.org/VOL/4004/Precincts/58083/
VOL,Volusia,522,0,0,https://enr.electionsfl.org/VOL/4004/Precincts/58083/
VOL,Volusia,601,215,491,https://enr.electionsfl.org/VOL/4004/Precincts/58083/
VOL,Volusia,602,92,158,https://enr.electionsfl.org/VOL/4004/Precincts/58083/
VOL,Volusia,603,257,88,https://enr.electionsfl.org/VOL/4004/Precincts/58083/
VOL,Volusia,604,49,10,https://enr.electionsfl.org/VOL/4004/Precincts/58083/
VOL,Volusia,605,160,31,https://enr.electionsfl.org/VOL/4004/Precincts/58083/
VOL,Volusia,606,106,26,https://enr.electionsfl.org/VOL/4004/Precincts/58083/
VOL,Volusia,607,143,37,https://enr.electionsfl.org/VOL/4004/Precincts/58083/
VOL,Volusia,608,0,0,https://enr.electionsfl.org/VOL/4004/Precincts/58083/
VOL,Volusia,609,18,12,https://enr.electionsfl.org/VOL/4004/Precincts/58083/
VOL,Volusia,610,75,162,https://enr.electionsfl.org/VOL/4004/Precincts/58083/
VOL,Volusia,611,50,80,https://enr.electionsfl.org/VOL/4004/Precincts/58083/
VOL,Volusia,612,107,39,https://enr.electionsfl.org/VOL/4004/Precincts/58083/
VOL,Volusia,613,117,152,https://enr.electionsfl.org/VOL/4004/Precincts/58083/
VOL,Volusia,614,82,14,https://enr.electionsfl.org/VOL/4004/Precincts/58083/
VOL,Volusia,615,201,162,https://enr.electionsfl.org/VOL/4004/Precincts/58083/
VOL,Volusia,616,20,44,https://enr.electionsfl.org/VOL/4004/Precincts/58083/
VOL,Volusia,617,43,67,https://enr.electionsfl.org/VOL/4004/Precincts/58083/
VOL,Volusia,618,2,1,https://enr.electionsfl.org/VOL/4004/Precincts/58083/
VOL,Volusia,619,14,15,https://enr.electionsfl.org/VOL/4004/Precincts/58083/
VOL,Volusia,620,139,112,https://enr.electionsfl.org/VOL/4004/Precincts/58083/
VOL,Volusia,621,69,45,https://enr.electionsfl.org/VOL/4004/Precincts/58083/
VOL,Volusia,622,68,50,https://enr.electionsfl.org/VOL/4004/Precincts/58083/
VOL,Volusia,623,23,7,https://enr.electionsfl.org/VOL/4004/Precincts/58083/
VOL,Volusia,624,130,37,https://enr.electionsfl.org/VOL/4004/Precincts/58083/
VOL,Volusia,625,98,69,https://enr.electionsfl.org/VOL/4004/Precincts/58083/
VOL,Volusia,626,60,31,https://enr.electionsfl.org/VOL/4004/Precincts/58083/
VOL,Volusia,627,44,12,https://enr.electionsfl.org/VOL/4004/Precincts/58083/
VOL,Volusia,628,16,16,https://enr.electionsfl.org/VOL/4004/Precincts/58083/
VOL,Volusia,629,11,14,https://enr.electionsfl.org/VOL/4004/Precincts/58083/
VOL,Volusia,630,13,4,https://enr.electionsfl.org/VOL/4004/Precincts/58083/
VOL,Volusia,631,25,7,https://enr.electionsfl.org/VOL/4004/Precincts/58083/
VOL,Volusia,632,71,59,https://enr.electionsfl.org/VOL/4004/Precincts/58083/
VOL,Volusia,633,0,0,https://enr.electionsfl.org/VOL/4004/Precincts/58083/
VOL,Volusia,634,11,4,https://enr.electionsfl.org/VOL/4004/Precincts/58083/
VOL,Volusia,635,0,0,https://enr.electionsfl.org/VOL/4004/Precincts/58083/
VOL,Volusia,636,106,39,https://enr.electionsfl.org/VOL/4004/Precincts/58083/
VOL,Volusia,637,69,10,https://enr.electionsfl.org/VOL/4004/Precincts/58083/
VOL,Volusia,701,244,239,https://enr.electionsfl.org/VOL/4004/Precincts/58083/
VOL,Volusia,702,97,125,https://enr.electionsfl.org/VOL/4004/Precincts/58083/
VOL,Volusia,703,98,217,https://enr.electionsfl.org/VOL/4004/Precincts/58083/
VOL,Volusia,704,23,25,https://enr.electionsfl.org/VOL/4004/Precincts/58083/
VOL,Volusia,705,15,47,https://enr.electionsfl.org/VOL/4004/Precincts/58083/
VOL,Volusia,706,75,200,https://enr.electionsfl.org/VOL/4004/Precincts/58083/
VOL,Volusia,707,144,154,https://enr.electionsfl.org/VOL/4004/Precincts/58083/
VOL,Volusia,708,156,192,https://enr.electionsfl.org/VOL/4004/Precincts/58083/
VOL,Volusia,709,46,62,https://enr.electionsfl.org/VOL/4004/Precincts/58083/
VOL,Volusia,710,220,270,https://enr.electionsfl.org/VOL/4004/Precincts/58083/
VOL,Volusia,711,213,239,https://enr.electionsfl.org/VOL/4004/Precincts/58083/
VOL,Volusia,712,88,100,https://enr.electionsfl.org/VOL/4004/Precincts/58083/
VOL,Volusia,713,68,98,https://enr.electionsfl.org/VOL/4004/Precincts/58083/
VOL,Volusia,714,180,267,https://enr.electionsfl.org/VOL/4004/Precincts/58083/
VOL,Volusia,715,92,142,https://enr.electionsfl.org/VOL/4004/Precincts/58083/
VOL,Volusia,716,164,228,https://enr.electionsfl.org/VOL/4004/Precincts/58083/
VOL,Volusia,717,93,152,https://enr.electionsfl.org/VOL/4004/Precincts/58083/
VOL,Volusia,718,170,180,https://enr.electionsfl.org/VOL/4004/Precincts/58083/
VOL,Volusia,719,2,1,https://enr.electionsfl.org/VOL/4004/Precincts/58083/
VOL,Volusia,720,90,169,https://enr.electionsfl.org/VOL/4004/Precincts/58083/
VOL,Volusia,801,65,145,https://enr.electionsfl.org/VOL/4004/Precincts/58083/
VOL,Volusia,802,118,248,https://enr.electionsfl.org/VOL/4004/Precincts/58083/
VOL,Volusia,803,120,138,https://enr.electionsfl.org/VOL/4004/Precincts/58083/
VOL,Volusia,804,132,277,https://enr.electionsfl.org/VOL/4004/Precincts/58083/
VOL,Volusia,805,158,130,https://enr.electionsfl.org/VOL/4004/Precincts/58083/
VOL,Volusia,806,99,173,https://enr.electionsfl.org/VOL/4004/Precincts/58083/
VOL,Volusia,807,154,332,https://enr.electionsfl.org/VOL/4004/Precincts/58083/
VOL,Volusia,808,60,144,https://enr.electionsfl.org/VOL/4004/Precincts/58083/
VOL,Volusia,809,82,128,https://enr.electionsfl.org/VOL/4004/Precincts/58083/
VOL,Volusia,810,70,62,https://enr.electionsfl.org/VOL/4004/Precincts/58083/
VOL,Volusia,811,79,121,https://enr.electionsfl.org/VOL/4004/Precincts/58083/
VOL,Volusia,812,5,5,https://enr.electionsfl.org/VOL/4004/Precincts/58083/
VOL,Volusia,813,17,21,https://enr.electionsfl.org/VOL/4004/Precincts/58083/
VOL,Volusia,814,1,3,https://enr.electionsfl.org/VOL/4004/Precincts/58083/
VOL,Volusia,901,148,181,https://enr.electionsfl.org/VOL/4004/Precincts/58083/
VOL,Volusia,902,189,191,https://enr.electionsfl.org/VOL/4004/Precincts/58083/
VOL,Volusia,903,144,209,https://enr.electionsfl.org/VOL/4004/Precincts/58083/
VOL,Volusia,904,147,212,https://enr.electionsfl.org/VOL/4004/Precincts/58083/
VOL,Volusia,905,69,86,https://enr.electionsfl.org/VOL/4004/Precincts/58083/
VOL,Volusia,906,64,71,https://enr.electionsfl.org/VOL/4004/Precincts/58083/
WAK,Wakulla,01 Wakulla Station,130,126,https://enr.electionsfl.org/WAK/3962/Precincts/59475/
WAK,Wakulla,02 Crawfordville,342,203,https://enr.electionsfl.org/WAK/3962/Precincts/59475/
WAK,Wakulla,03 Sopchoppy,76,56,https://enr.electionsfl.org/WAK/3962/Precincts/59475/
WAK,Wakulla,04 Smith Creek,3,3,https://enr.electionsfl.org/WAK/3962/Precincts/59475/
WAK,Wakulla,05 St. Marks,9,14,https://enr.electionsfl.org/WAK/3962/Precincts/59475/
WAK,Wakulla,06 Medart,82,43,https://enr.electionsfl.org/WAK/3962/Precincts/59475/
WAK,Wakulla,07 Ivan,176,140,https://enr.electionsfl.org/WAK/3962/Precincts/59475/
WAK,Wakulla,08 Shell Point,29,52,https://enr.electionsfl.org/WAK/3962/Precincts/59475/
WAK,Wakulla,09 Panacea,13,15,https://enr.electionsfl.org/WAK/3962/Precincts/59475/
WAK,Wakulla,10 Ochlockonee Bay,14,27,https://enr.electionsfl.org/WAK/3962/Precincts/59475/
WAK,Wakulla,11 Bethel,155,64,https://enr.electionsfl.org/WAK/3962/Precincts/59475/
WAK,Wakulla,12 Shadeville,134,68,https://enr.electionsfl.org/WAK/3962/Precincts/59475/
WAL,Walton,110,22,9,https://enr.electionsfl.org/WAL/4027/Precincts/58907/
WAL,Walton,120,7,8,https://enr.electionsfl.org/WAL/4027/Precincts/58907/
WAL,Walton,130,23,13,https://enr.electionsfl.org/WAL/4027/Precincts/58907/
WAL,Walton,210,7,6,https://enr.electionsfl.org/WAL/4027/Precincts/58907/
WAL,Walton,220,3,7,https://enr.electionsfl.org/WAL/4027/Precincts/58907/
WAL,Walton,230,12,12,https://enr.electionsfl.org/WAL/4027/Precincts/58907/
WAL,Walton,240,4,8,https://enr.electionsfl.org/WAL/4027/Precincts/58907/
WAL,Walton,310,123,65,https://enr.electionsfl.org/WAL/4027/Precincts/58907/
WAL,Walton,320,50,41,https://enr.electionsfl.org/WAL/4027/Precincts/58907/
WAL,Walton,330,19,19,https://enr.electionsfl.org/WAL/4027/Precincts/58907/
WAL,Walton,340,40,27,https://enr.electionsfl.org/WAL/4027/Precincts/58907/
WAL,Walton,350,10,9,https://enr.electionsfl.org/WAL/4027/Precincts/58907/
WAL,Walton,360,11,11,https://enr.electionsfl.org/WAL/4027/Precincts/58907/
WAL,Walton,410,15,25,https://enr.electionsfl.org/WAL/4027/Precincts/58907/
WAL,Walton,420,80,92,https://enr.electionsfl.org/WAL/4027/Precincts/58907/
WAL,Walton,430,78,74,https://enr.electionsfl.org/WAL/4027/Precincts/58907/
WAL,Walton,440,17,16,https://enr.electionsfl.org/WAL/4027/Precincts/58907/
WAL,Walton,510,83,140,https://enr.electionsfl.org/WAL/4027/Precincts/58907/
WAL,Walton,520,59,125,https://enr.electionsfl.org/WAL/4027/Precincts/58907/
WAL,Walton,521,55,72,https://enr.electionsfl.org/WAL/4027/Precincts/58907/
WAL,Walton,530,70,129,https://enr.electionsfl.org/WAL/4027/Precincts/58907/
WAL,Walton,540,43,112,https://enr.electionsfl.org/WAL/4027/Precincts/58907/
WAS,Washington,0001 Caryville,38,11,https://enr.electionsfl.org/WAS/4034/Precincts/59535/
WAS,Washington,0002 Five Points,15,10,https://enr.electionsfl.org/WAS/4034/Precincts/59535/
WAS,Washington,0003 Hinson Crossroads,11,11,https://enr.electionsfl.org/WAS/4034/Precincts/59535/
WAS,Washington,0004 First Baptist Church,110,59,https://enr.electionsfl.org/WAS/4034/Precincts/59535/
WAS,Washington,0005 Vernon City Hall,51,30,https://enr.electionsfl.org/WAS/4034/Precincts/59535/
WAS,Washington,0006 New Hope-Campbell Park,87,17,https://enr.electionsfl.org/WAS/4034/Precincts/59535/
WAS,Washington,0007 Orange Hill Fire Station,45,27,https://enr.electionsfl.org/WAS/4034/Precincts/59535/
WAS,Washington,0008 Armory-Chipley,79,38,https://enr.electionsfl.org/WAS/4034/Precincts/59535/
WAS,Washington,0009 Wausau Town Hall,34,11,https://enr.electionsfl.org/WAS/4034/Precincts/59535/
WAS,Washington,0010 Ebro City Hall,31,7,https://enr.electionsfl.org/WAS/4034/Precincts/59535/
WAS,Washington,0011 Greenhead Fire Department,44,32,https://enr.electionsfl.org/WAS/4034/Precincts/59535/
WAS,Washington,0012 Sunny Hills Comm Ctr/Lib,33,26,https://enr.electionsfl.org/WAS/4034/Precincts/59535/
BRO,Broward,A001,29,57,https://results.browardvotes.gov/ENR/browardflenr/239/en/Index_239.html
BRO,Broward,A002,104,218,https://results.browardvotes.gov/ENR/browardflenr/239/en/Index_239.html
BRO,Broward,A003,206,161,https://results.browardvotes.gov/ENR/browardflenr/239/en/Index_239.html
BRO,Broward,A004,234,69,https://results.browardvotes.gov/ENR/browardflenr/239/en/Index_239.html
BRO,Broward,A005,419,92,https://results.browardvotes.gov/ENR/browardflenr/239/en/Index_239.html
BRO,Broward,A006,140,44,https://results.browardvotes.gov/ENR/browardflenr/239/en/Index_239.html
BRO,Broward,A007,215,77,https://results.browardvotes.gov/ENR/browardflenr/239/en/Index_239.html
BRO,Broward,A008,275,35,https://results.browardvotes.gov/ENR/browardflenr/239/en/Index_239.html
BRO,Broward,A009,30,23,https://results.browardvotes.gov/ENR/browardflenr/239/en/Index_239.html
BRO,Broward,A010,224,228,https://results.browardvotes.gov/ENR/browardflenr/239/en/Index_239.html
BRO,Broward,A011,253,433,https://results.browardvotes.gov/ENR/browardflenr/239/en/Index_239.html
BRO,Broward,A012,134,107,https://results.browardvotes.gov/ENR/browardflenr/239/en/Index_239.html
BRO,Broward,A013,219,113,https://results.browardvotes.gov/ENR/browardflenr/239/en/Index_239.html
BRO,Broward,A014,182,155,https://results.browardvotes.gov/ENR/browardflenr/239/en/Index_239.html
BRO,Broward,A015,180,124,https://results.browardvotes.gov/ENR/browardflenr/239/en/Index_239.html
BRO,Broward,B001,78,174,https://results.browardvotes.gov/ENR/browardflenr/239/en/Index_239.html
BRO,Broward,B002,87,176,https://results.browardvotes.gov/ENR/browardflenr/239/en/Index_239.html
BRO,Broward,C001,124,214,https://results.browardvotes.gov/ENR/browardflenr/239/en/Index_239.html
BRO,Broward,C002,148,302,https://results.browardvotes.gov/ENR/browardflenr/239/en/Index_239.html
BRO,Broward,C003,126,265,https://results.browardvotes.gov/ENR/browardflenr/239/en/Index_239.html
BRO,Broward,C004,52,54,https://results.browardvotes.gov/ENR/browardflenr/239/en/Index_239.html
BRO,Broward,C005,223,149,https://results.browardvotes.gov/ENR/browardflenr/239/en/Index_239.html
BRO,Broward,C006,127,215,https://results.browardvotes.gov/ENR/browardflenr/239/en/Index_239.html
BRO,Broward,C007,123,90,https://results.browardvotes.gov/ENR/browardflenr/239/en/Index_239.html
BRO,Broward,C008,222,148,https://results.browardvotes.gov/ENR/browardflenr/239/en/Index_239.html
BRO,Broward,C009,179,81,https://results.browardvotes.gov/ENR/browardflenr/239/en/Index_239.html
BRO,Broward,C010,194,128,https://results.browardvotes.gov/ENR/browardflenr/239/en/Index_239.html
BRO,Broward,C011,416,84,https://results.browardvotes.gov/ENR/browardflenr/239/en/Index_239.html
BRO,Broward,C012,43,18,https://results.browardvotes.gov/ENR/browardflenr/239/en/Index_239.html
BRO,Broward,C013,54,280,https://results.browardvotes.gov/ENR/browardflenr/239/en/Index_239.html
BRO,Broward,C014,506,80,https://results.browardvotes.gov/ENR/browardflenr/239/en/Index_239.html
BRO,Broward,C015,48,13,https://results.browardvotes.gov/ENR/browardflenr/239/en/Index_239.html
BRO,Broward,C016,35,23,https://results.browardvotes.gov/ENR/browardflenr/239/en/Index_239.html
BRO,Broward,C017,257,49,https://results.browardvotes.gov/ENR/browardflenr/239/en/Index_239.html
BRO,Broward,C018,132,164,https://results.browardvotes.gov/ENR/browardflenr/239/en/Index_239.html
BRO,Broward,C019,133,270,https://results.browardvotes.gov/ENR/browardflenr/239/en/Index_239.html
BRO,Broward,C020,351,630,https://results.browardvotes.gov/ENR/browardflenr/239/en/Index_239.html
BRO,Broward,C021,489,80,https://results.browardvotes.gov/ENR/browardflenr/239/en/Index_239.html
BRO,Broward,C022,2,0,https://results.browardvotes.gov/ENR/browardflenr/239/en/Index_239.html
BRO,Broward,D001,180,181,https://results.browardvotes.gov/ENR/browardflenr/239/en/Index_239.html
BRO,Broward,D002,216,412,https://results.browardvotes.gov/ENR/browardflenr/239/en/Index_239.html
BRO,Broward,D003,268,199,https://results.browardvotes.gov/ENR/browardflenr/239/en/Index_239.html
BRO,Broward,D004,253,237,https://results.browardvotes.gov/ENR/browardflenr/239/en/Index_239.html
BRO,Broward,D005,130,93,https://results.browardvotes.gov/ENR/browardflenr/239/en/Index_239.html
BRO,Broward,D006,120,144,https://results.browardvotes.gov/ENR/browardflenr/239/en/Index_239.html
BRO,Broward,D007,258,257,https://results.browardvotes.gov/ENR/browardflenr/239/en/Index_239.html
BRO,Broward,D008,535,348,https://results.browardvotes.gov/ENR/browardflenr/239/en/Index_239.html
BRO,Broward,D009,152,31,https://results.browardvotes.gov/ENR/browardflenr/239/en/Index_239.html
BRO,Broward,E001,171,184,https://results.browardvotes.gov/ENR/browardflenr/239/en/Index_239.html
BRO,Broward,E002,205,108,https://results.browardvotes.gov/ENR/browardflenr/239/en/Index_239.html
BRO,Broward,E003,228,221,https://results.browardvotes.gov/ENR/browardflenr/239/en/Index_239.html
BRO,Broward,E004,222,102,https://results.browardvotes.gov/ENR/browardflenr/239/en/Index_239.html
BRO,Broward,E005,219,146,https://results.browardvotes.gov/ENR/browardflenr/239/en/Index_239.html
BRO,Broward,E006,342,193,https://results.browardvotes.gov/ENR/browardflenr/239/en/Index_239.html
BRO,Broward,E007,305,319,https://results.browardvotes.gov/ENR/browardflenr/239/en/Index_239.html
BRO,Broward,E008,403,313,https://results.browardvotes.gov/ENR/browardflenr/239/en/Index_239.html
BRO,Broward,E009,226,282,https://results.browardvotes.gov/ENR/browardflenr/239/en/Index_239.html
BRO,Broward,E010,234,225,https://results.browardvotes.gov/ENR/browardflenr/239/en/Index_239.html
BRO,Broward,E011,271,158,https://results.browardvotes.gov/ENR/browardflenr/239/en/Index_239.html
BRO,Broward,E012,335,332,https://results.browardvotes.gov/ENR/browardflenr/239/en/Index_239.html
BRO,Broward,E013,84,94,https://results.browardvotes.gov/ENR/browardflenr/239/en/Index_239.html
BRO,Broward,E014,184,180,https://results.browardvotes.gov/ENR/browardflenr/239/en/Index_239.html
BRO,Broward,E015,235,159,https://results.browardvotes.gov/ENR/browardflenr/239/en/Index_239.html
BRO,Broward,E016,288,356,https://results.browardvotes.gov/ENR/browardflenr/239/en/Index_239.html
BRO,Broward,E017,205,135,https://results.browardvotes.gov/ENR/browardflenr/239/en/Index_239.html
BRO,Broward,F001,128,119,https://results.browardvotes.gov/ENR/browardflenr/239/en/Index_239.html
BRO,Broward,F002,241,155,https://results.browardvotes.gov/ENR/browardflenr/239/en/Index_239.html
BRO,Broward,F003,381,288,https://results.browardvotes.gov/ENR/browardflenr/239/en/Index_239.html
BRO,Broward,F004,342,755,https://results.browardvotes.gov/ENR/browardflenr/239/en/Index_239.html
BRO,Broward,F005,118,97,https://results.browardvotes.gov/ENR/browardflenr/239/en/Index_239.html
BRO,Broward,F006,255,185,https://results.browardvotes.gov/ENR/browardflenr/239/en/Index_239.html
BRO,Broward,F007,329,235,https://results.browardvotes.gov/ENR/browardflenr/239/en/Index_239.html
BRO,Broward,F008,342,214,https://results.browardvotes.gov/ENR/browardflenr/239/en/Index_239.html
BRO,Broward,G001,166,105,https://results.browardvotes.gov/ENR/browardflenr/239/en/Index_239.html
BRO,Broward,G002,183,138,https://results.browardvotes.gov/ENR/browardflenr/239/en/Index_239.html
BRO,Broward,G003,353,211,https://results.browardvotes.gov/ENR/browardflenr/239/en/Index_239.html
BRO,Broward,G004,170,73,https://results.browardvotes.gov/ENR/browardflenr/239/en/Index_239.html
BRO,Broward,G005,298,134,https://results.browardvotes.gov/ENR/browardflenr/239/en/Index_239.html
BRO,Broward,G006,233,82,https://results.browardvotes.gov/ENR/browardflenr/239/en/Index_239.html
BRO,Broward,G007,99,72,https://results.browardvotes.gov/ENR/browardflenr/239/en/Index_239.html
BRO,Broward,G008,657,449,https://results.browardvotes.gov/ENR/browardflenr/239/en/Index_239.html
BRO,Broward,G009,205,119,https://results.browardvotes.gov/ENR/browardflenr/239/en/Index_239.html
BRO,Broward,G010,417,277,https://results.browardvotes.gov/ENR/browardflenr/239/en/Index_239.html
BRO,Broward,H001,10,1,https://results.browardvotes.gov/ENR/browardflenr/239/en/Index_239.html
BRO,Broward,H002,374,108,https://results.browardvotes.gov/ENR/browardflenr/239/en/Index_239.html
BRO,Broward,H003,571,174,https://results.browardvotes.gov/ENR/browardflenr/239/en/Index_239.html
BRO,Broward,H004,458,158,https://results.browardvotes.gov/ENR/browardflenr/239/en/Index_239.html
BRO,Broward,H005,263,60,https://results.browardvotes.gov/ENR/browardflenr/239/en/Index_239.html
BRO,Broward,H006,105,38,https://results.browardvotes.gov/ENR/browardflenr/239/en/Index_239.html
BRO,Broward,H007,332,134,https://results.browardvotes.gov/ENR/browardflenr/239/en/Index_239.html
BRO,Broward,J001,147,60,https://results.browardvotes.gov/ENR/browardflenr/239/en/Index_239.html
BRO,Broward,J002,288,158,https://results.browardvotes.gov/ENR/browardflenr/239/en/Index_239.html
BRO,Broward,J003,205,124,https://results.browardvotes.gov/ENR/browardflenr/239/en/Index_239.html
BRO,Broward,J004,481,188,https://results.browardvotes.gov/ENR/browardflenr/239/en/Index_239.html
BRO,Broward,J005,109,65,https://results.browardvotes.gov/ENR/browardflenr/239/en/Index_239.html
BRO,Broward,J006,202,71,https://results.browardvotes.gov/ENR/browardflenr/239/en/Index_239.html
BRO,Broward,J007,435,210,https://results.browardvotes.gov/ENR/browardflenr/239/en/Index_239.html
BRO,Broward,J008,453,274,https://results.browardvotes.gov/ENR/browardflenr/239/en/Index_239.html
BRO,Broward,J009,415,213,https://results.browardvotes.gov/ENR/browardflenr/239/en/Index_239.html
BRO,Broward,J010,412,266,https://results.browardvotes.gov/ENR/browardflenr/239/en/Index_239.html
BRO,Broward,J011,621,748,https://results.browardvotes.gov/ENR/browardflenr/239/en/Index_239.html
BRO,Broward,J012,547,576,https://results.browardvotes.gov/ENR/browardflenr/239/en/Index_239.html
BRO,Broward,J013,387,207,https://results.browardvotes.gov/ENR/browardflenr/239/en/Index_239.html
BRO,Broward,K001,179,58,https://results.browardvotes.gov/ENR/browardflenr/239/en/Index_239.html
BRO,Broward,K002,409,111,https://results.browardvotes.gov/ENR/browardflenr/239/en/Index_239.html
BRO,Broward,K003,608,213,https://results.browardvotes.gov/ENR/browardflenr/239/en/Index_239.html
BRO,Broward,K004,282,136,https://results.browardvotes.gov/ENR/browardflenr/239/en/Index_239.html
BRO,Broward,K005,423,129,https://results.browardvotes.gov/ENR/browardflenr/239/en/Index_239.html
BRO,Broward,K006,770,234,https://results.browardvotes.gov/ENR/browardflenr/239/en/Index_239.html
BRO,Broward,L001,633,140,https://results.browardvotes.gov/ENR/browardflenr/239/en/Index_239.html
BRO,Broward,L002,427,113,https://results.browardvotes.gov/ENR/browardflenr/239/en/Index_239.html
BRO,Broward,L003,630,170,https://results.browardvotes.gov/ENR/browardflenr/239/en/Index_239.html
BRO,Broward,L004,341,109,https://results.browardvotes.gov/ENR/browardflenr/239/en/Index_239.html
BRO,Broward,L005,306,86,https://results.browardvotes.gov/ENR/browardflenr/239/en/Index_239.html
BRO,Broward,L006,425,94,https://results.browardvotes.gov/ENR/browardflenr/239/en/Index_239.html
BRO,Broward,L007,618,307,https://results.browardvotes.gov/ENR/browardflenr/239/en/Index_239.html
BRO,Broward,L008,1066,443,https://results.browardvotes.gov/ENR/browardflenr/239/en/Index_239.html
BRO,Broward,L009,592,222,https://results.browardvotes.gov/ENR/browardflenr/239/en/Index_239.html
BRO,Broward,L010,431,106,https://results.browardvotes.gov/ENR/browardflenr/239/en/Index_239.html
BRO,Broward,M001,366,133,https://results.browardvotes.gov/ENR/browardflenr/239/en/Index_239.html
BRO,Broward,M002,536,151,https://results.browardvotes.gov/ENR/browardflenr/239/en/Index_239.html
BRO,Broward,M003,631,339,https://results.browardvotes.gov/ENR/browardflenr/239/en/Index_239.html
BRO,Broward,M004,141,77,https://results.browardvotes.gov/ENR/browardflenr/239/en/Index_239.html
BRO,Broward,M005,246,78,https://results.browardvotes.gov/ENR/browardflenr/239/en/Index_239.html
BRO,Broward,M006,461,382,https://results.browardvotes.gov/ENR/browardflenr/239/en/Index_239.html
BRO,Broward,M007,66,49,https://results.browardvotes.gov/ENR/browardflenr/239/en/Index_239.html
BRO,Broward,M008,330,120,https://results.browardvotes.gov/ENR/browardflenr/239/en/Index_239.html
BRO,Broward,M009,424,204,https://results.browardvotes.gov/ENR/browardflenr/239/en/Index_239.html
BRO,Broward,M010,277,301,https://results.browardvotes.gov/ENR/browardflenr/239/en/Index_239.html
BRO,Broward,M011,422,267,https://results.browardvotes.gov/ENR/browardflenr/239/en/Index_239.html
BRO,Broward,M012,205,159,https://results.browardvotes.gov/ENR/browardflenr/239/en/Index_239.html
BRO,Broward,M013,177,138,https://results.browardvotes.gov/ENR/browardflenr/239/en/Index_239.html
BRO,Broward,M014,188,154,https://results.browardvotes.gov/ENR/browardflenr/239/en/Index_239.html
BRO,Broward,M015,165,110,https://results.browardvotes.gov/ENR/browardflenr/239/en/Index_239.html
BRO,Broward,M016,76,73,https://results.browardvotes.gov/ENR/browardflenr/239/en/Index_239.html
BRO,Broward,M017,38,24,https://results.browardvotes.gov/ENR/browardflenr/239/en/Index_239.html
BRO,Broward,N001,513,205,https://results.browardvotes.gov/ENR/browardflenr/239/en/Index_239.html
BRO,Broward,N002,82,65,https://results.browardvotes.gov/ENR/browardflenr/239/en/Index_239.html
BRO,Broward,N003,229,322,https://results.browardvotes.gov/ENR/browardflenr/239/en/Index_239.html
BRO,Broward,N004,180,167,https://results.browardvotes.gov/ENR/browardflenr/239/en/Index_239.html
BRO,Broward,N005,304,250,https://results.browardvotes.gov/ENR/browardflenr/239/en/Index_239.html
BRO,Broward,N006,317,204,https://results.browardvotes.gov/ENR/browardflenr/239/en/Index_239.html
BRO,Broward,N007,127,111,https://results.browardvotes.gov/ENR/browardflenr/239/en/Index_239.html
BRO,Broward,N008,117,126,https://results.browardvotes.gov/ENR/browardflenr/239/en/Index_239.html
BRO,Broward,N009,104,50,https://results.browardvotes.gov/ENR/browardflenr/239/en/Index_239.html
BRO,Broward,N010,215,334,https://results.browardvotes.gov/ENR/browardflenr/239/en/Index_239.html
BRO,Broward,N011,186,367,https://results.browardvotes.gov/ENR/browardflenr/239/en/Index_239.html
BRO,Broward,N012,442,513,https://results.browardvotes.gov/ENR/browardflenr/239/en/Index_239.html
BRO,Broward,N013,258,297,https://results.browardvotes.gov/ENR/browardflenr/239/en/Index_239.html
BRO,Broward,N014,206,190,https://results.browardvotes.gov/ENR/browardflenr/239/en/Index_239.html
BRO,Broward,N015,228,276,https://results.browardvotes.gov/ENR/browardflenr/239/en/Index_239.html
BRO,Broward,N016,258,334,https://results.browardvotes.gov/ENR/browardflenr/239/en/Index_239.html
BRO,Broward,P001,524,1228,https://results.browardvotes.gov/ENR/browardflenr/239/en/Index_239.html
BRO,Broward,P002,196,313,https://results.browardvotes.gov/ENR/browardflenr/239/en/Index_239.html
BRO,Broward,Q010,31,75,https://results.browardvotes.gov/ENR/browardflenr/239/en/Index_239.html
BRO,Broward,Q020,10,18,https://results.browardvotes.gov/ENR/browardflenr/239/en/Index_239.html
BRO,Broward,Q030,40,113,https://results.browardvotes.gov/ENR/browardflenr/239/en/Index_239.html
BRO,Broward,Q031,70,165,https://results.browardvotes.gov/ENR/browardflenr/239/en/Index_239.html
BRO,Broward,Q032,21,73,https://results.browardvotes.gov/ENR/browardflenr/239/en/Index_239.html
BRO,Broward,Q040,257,455,https://results.browardvotes.gov/ENR/browardflenr/239/en/Index_239.html
BRO,Broward,Q041,6,12,https://results.browardvotes.gov/ENR/browardflenr/239/en/Index_239.html
BRO,Broward,Q042,143,358,https://results.browardvotes.gov/ENR/browardflenr/239/en/Index_239.html
BRO,Broward,Q043,328,634,https://results.browardvotes.gov/ENR/browardflenr/239/en/Index_239.html
BRO,Broward,Q050,32,19,https://results.browardvotes.gov/ENR/browardflenr/239/en/Index_239.html
BRO,Broward,Q051,197,43,https://results.browardvotes.gov/ENR/browardflenr/239/en/Index_239.html
BRO,Broward,Q060,83,104,https://results.browardvotes.gov/ENR/browardflenr/239/en/Index_239.html
BRO,Broward,Q061,116,151,https://results.browardvotes.gov/ENR/browardflenr/239/en/Index_239.html
BRO,Broward,Q062,170,314,https://results.browardvotes.gov/ENR/browardflenr/239/en/Index_239.html
BRO,Broward,Q063,74,218,https://results.browardvotes.gov/ENR/browardflenr/239/en/Index_239.html
BRO,Broward,Q064,54,93,https://results.browardvotes.gov/ENR/browardflenr/239/en/Index_239.html
BRO,Broward,Q065,146,247,https://results.browardvotes.gov/ENR/browardflenr/239/en/Index_239.html
BRO,Broward,Q066,121,159,https://results.browardvotes.gov/ENR/browardflenr/239/en/Index_239.html
BRO,Broward,Q067,163,165,https://results.browardvotes.gov/ENR/browardflenr/239/en/Index_239.html
BRO,Broward,Q068,188,286,https://results.browardvotes.gov/ENR/browardflenr/239/en/Index_239.html
BRO,Broward,Q080,243,59,https://results.browardvotes.gov/ENR/browardflenr/239/en/Index_239.html
BRO,Broward,Q081,711,114,https://results.browardvotes.gov/ENR/browardflenr/239/en/Index_239.html
BRO,Broward,Q082,121,32,https://results.browardvotes.gov/ENR/browardflenr/239/en/Index_239.html
BRO,Broward,Q090,30,53,https://results.browardvotes.gov/ENR/browardflenr/239/en/Index_239.html
BRO,Broward,Q091,42,55,https://results.browardvotes.gov/ENR/browardflenr/239/en/Index_239.html
BRO,Broward,Q092,34,37,https://results.browardvotes.gov/ENR/browardflenr/239/en/Index_239.html
BRO,Broward,Q093,37,46,https://results.browardvotes.gov/ENR/browardflenr/239/en/Index_239.html
BRO,Broward,R001,67,50,https://results.browardvotes.gov/ENR/browardflenr/239/en/Index_239.html
BRO,Broward,R002,138,90,https://results.browardvotes.gov/ENR/browardflenr/239/en/Index_239.html
BRO,Broward,R003,117,272,https://results.browardvotes.gov/ENR/browardflenr/239/en/Index_239.html
BRO,Broward,R004,164,273,https://results.browardvotes.gov/ENR/browardflenr/239/en/Index_239.html
BRO,Broward,R005,115,191,https://results.browardvotes.gov/ENR/browardflenr/239/en/Index_239.html
BRO,Broward,R006,98,165,https://results.browardvotes.gov/ENR/browardflenr/239/en/Index_239.html
BRO,Broward,R007,69,113,https://results.browardvotes.gov/ENR/browardflenr/239/en/Index_239.html
BRO,Broward,R008,144,297,https://results.browardvotes.gov/ENR/browardflenr/239/en/Index_239.html
BRO,Broward,R009,139,486,https://results.browardvotes.gov/ENR/browardflenr/239/en/Index_239.html
BRO,Broward,R010,56,158,https://results.browardvotes.gov/ENR/browardflenr/239/en/Index_239.html
BRO,Broward,R011,99,273,https://results.browardvotes.gov/ENR/browardflenr/239/en/Index_239.html
BRO,Broward,R012,175,493,https://results.browardvotes.gov/ENR/browardflenr/239/en/Index_239.html
BRO,Broward,R013,50,171,https://results.browardvotes.gov/ENR/browardflenr/239/en/Index_239.html
BRO,Broward,R014,117,233,https://results.browardvotes.gov/ENR/browardflenr/239/en/Index_239.html
BRO,Broward,R015,39,28,https://results.browardvotes.gov/ENR/browardflenr/239/en/Index_239.html
BRO,Broward,R016,125,260,https://results.browardvotes.gov/ENR/browardflenr/239/en/Index_239.html
BRO,Broward,R017,119,277,https://results.browardvotes.gov/ENR/browardflenr/239/en/Index_239.html
BRO,Broward,R018,239,397,https://results.browardvotes.gov/ENR/browardflenr/239/en/Index_239.html
BRO,Broward,R019,77,60,https://results.browardvotes.gov/ENR/browardflenr/239/en/Index_239.html
BRO,Broward,R020,200,267,https://results.browardvotes.gov/ENR/browardflenr/239/en/Index_239.html
BRO,Broward,R021,130,301,https://results.browardvotes.gov/ENR/browardflenr/239/en/Index_239.html
BRO,Broward,R022,205,177,https://results.browardvotes.gov/ENR/browardflenr/239/en/Index_239.html
BRO,Broward,R023,315,56,https://results.browardvotes.gov/ENR/browardflenr/239/en/Index_239.html
BRO,Broward,R024,100,21,https://results.browardvotes.gov/ENR/browardflenr/239/en/Index_239.html
BRO,Broward,R025,91,123,https://results.browardvotes.gov/ENR/browardflenr/239/en/Index_239.html
BRO,Broward,R026,286,450,https://results.browardvotes.gov/ENR/browardflenr/239/en/Index_239.html
BRO,Broward,R027,158,88,https://results.browardvotes.gov/ENR/browardflenr/239/en/Index_239.html
BRO,Broward,R028,41,67,https://results.browardvotes.gov/ENR/browardflenr/239/en/Index_239.html
BRO,Broward,R029,61,76,https://results.browardvotes.gov/ENR/browardflenr/239/en/Index_239.html
BRO,Broward,R030,55,65,https://results.browardvotes.gov/ENR/browardflenr/239/en/Index_239.html
BRO,Broward,R031,18,12,https://results.browardvotes.gov/ENR/browardflenr/239/en/Index_239.html
BRO,Broward,R032,61,84,https://results.browardvotes.gov/ENR/browardflenr/239/en/Index_239.html
BRO,Broward,R033,123,127,https://results.browardvotes.gov/ENR/browardflenr/239/en/Index_239.html
BRO,Broward,R034,170,108,https://results.browardvotes.gov/ENR/browardflenr/239/en/Index_239.html
BRO,Broward,R035,398,61,https://results.browardvotes.gov/ENR/browardflenr/239/en/Index_239.html
BRO,Broward,R036,605,150,https://results.browardvotes.gov/ENR/browardflenr/239/en/Index_239.html
BRO,Broward,R037,475,106,https://results.browardvotes.gov/ENR/browardflenr/239/en/Index_239.html
BRO,Broward,R038,434,83,https://results.browardvotes.gov/ENR/browardflenr/239/en/Index_239.html
BRO,Broward,R039,508,67,https://results.browardvotes.gov/ENR/browardflenr/239/en/Index_239.html
BRO,Broward,R040,441,98,https://results.browardvotes.gov/ENR/browardflenr/239/en/Index_239.html
BRO,Broward,R041,81,38,https://results.browardvotes.gov/ENR/browardflenr/239/en/Index_239.html
BRO,Broward,R042,315,186,https://results.browardvotes.gov/ENR/browardflenr/239/en/Index_239.html
BRO,Broward,S001,143,112,https://results.browardvotes.gov/ENR/browardflenr/239/en/Index_239.html
BRO,Broward,S002,133,173,https://results.browardvotes.gov/ENR/browardflenr/239/en/Index_239.html
BRO,Broward,S003,506,124,https://results.browardvotes.gov/ENR/browardflenr/239/en/Index_239.html
BRO,Broward,S004,224,197,https://results.browardvotes.gov/ENR/browardflenr/239/en/Index_239.html
BRO,Broward,S005,93,84,https://results.browardvotes.gov/ENR/browardflenr/239/en/Index_239.html
BRO,Broward,T001,14,2,https://results.browardvotes.gov/ENR/browardflenr/239/en/Index_239.html
BRO,Broward,T002,13,9,https://results.browardvotes.gov/ENR/browardflenr/239/en/Index_239.html
BRO,Broward,T003,101,45,https://results.browardvotes.gov/ENR/browardflenr/239/en/Index_239.html
BRO,Broward,T004,158,129,https://results.browardvotes.gov/ENR/browardflenr/239/en/Index_239.html
BRO,Broward,T005,6,27,https://results.browardvotes.gov/ENR/browardflenr/239/en/Index_239.html
BRO,Broward,T006,144,77,https://results.browardvotes.gov/ENR/browardflenr/239/en/Index_239.html
BRO,Broward,T007,95,62,https://results.browardvotes.gov/ENR/browardflenr/239/en/Index_239.html
BRO,Broward,T008,177,174,https://results.browardvotes.gov/ENR/browardflenr/239/en/Index_239.html
BRO,Broward,T009,205,226,https://results.browardvotes.gov/ENR/browardflenr/239/en/Index_239.html
BRO,Broward,T010,69,82,https://results.browardvotes.gov/ENR/browardflenr/239/en/Index_239.html
BRO,Broward,T011,168,317,https://results.browardvotes.gov/ENR/browardflenr/239/en/Index_239.html
BRO,Broward,T012,193,294,https://results.browardvotes.gov/ENR/browardflenr/239/en/Index_239.html
BRO,Broward,T013,109,194,https://results.browardvotes.gov/ENR/browardflenr/239/en/Index_239.html
BRO,Broward,T014,64,112,https://results.browardvotes.gov/ENR/browardflenr/239/en/Index_239.html
BRO,Broward,T015,16,30,https://results.browardvotes.gov/ENR/browardflenr/239/en/Index_239.html
BRO,Broward,T016,55,78,https://results.browardvotes.gov/ENR/browardflenr/239/en/Index_239.html
BRO,Broward,T017,97,85,https://results.browardvotes.gov/ENR/browardflenr/239/en/Index_239.html
BRO,Broward,T018,62,71,https://results.browardvotes.gov/ENR/browardflenr/239/en/Index_239.html
BRO,Broward,T019,171,205,https://results.browardvotes.gov/ENR/browardflenr/239/en/Index_239.html
BRO,Broward,T020,67,110,https://results.browardvotes.gov/ENR/browardflenr/239/en/Index_239.html
BRO,Broward,T021,115,164,https://results.browardvotes.gov/ENR/browardflenr/239/en/Index_239.html
BRO,Broward,T022,127,135,https://results.browardvotes.gov/ENR/browardflenr/239/en/Index_239.html
BRO,Broward,T023,78,108,https://results.browardvotes.gov/ENR/browardflenr/239/en/Index_239.html
BRO,Broward,U001,228,313,https://results.browardvotes.gov/ENR/browardflenr/239/en/Index_239.html
BRO,Broward,U002,75,131,https://results.browardvotes.gov/ENR/browardflenr/239/en/Index_239.html
BRO,Broward,U003,134,160,https://results.browardvotes.gov/ENR/browardflenr/239/en/Index_239.html
BRO,Broward,U004,158,287,https://results.browardvotes.gov/ENR/browardflenr/239/en/Index_239.html
BRO,Broward,U005,126,232,https://results.browardvotes.gov/ENR/browardflenr/239/en/Index_239.html
BRO,Broward,U006,42,29,https://results.browardvotes.gov/ENR/browardflenr/239/en/Index_239.html
BRO,Broward,U007,20,48,https://results.browardvotes.gov/ENR/browardflenr/239/en/Index_239.html
BRO,Broward,U008,118,366,https://results.browardvotes.gov/ENR/browardflenr/239/en/Index_239.html
BRO,Broward,V001,90,228,https://results.browardvotes.gov/ENR/browardflenr/239/en/Index_239.html
BRO,Broward,V002,75,117,https://results.browardvotes.gov/ENR/browardflenr/239/en/Index_239.html
BRO,Broward,V003,160,295,https://results.browardvotes.gov/ENR/browardflenr/239/en/Index_239.html
BRO,Broward,V004,217,447,https://results.browardvotes.gov/ENR/browardflenr/239/en/Index_239.html
BRO,Broward,V005,0,1,https://results.browardvotes.gov/ENR/browardflenr/239/en/Index_239.html
BRO,Broward,V006,213,125,https://results.browardvotes.gov/ENR/browardflenr/239/en/Index_239.html
BRO,Broward,V007,29,13,https://results.browardvotes.gov/ENR/browardflenr/239/en/Index_239.html
BRO,Broward,V008,525,158,https://results.browardvotes.gov/ENR/browardflenr/239/en/Index_239.html
BRO,Broward,V009,311,168,https://results.browardvotes.gov/ENR/browardflenr/239/en/Index_239.html
BRO,Broward,V010,27,13,https://results.browardvotes.gov/ENR/browardflenr/239/en/Index_239.html
BRO,Broward,V011,243,30,https://results.browardvotes.gov/ENR/browardflenr/239/en/Index_239.html
BRO,Broward,V012,38,124,https://results.browardvotes.gov/ENR/browardflenr/239/en/Index_239.html
BRO,Broward,V013,136,291,https://results.browardvotes.gov/ENR/browardflenr/239/en/Index_239.html
BRO,Broward,V014,48,269,https://results.browardvotes.gov/ENR/browardflenr/239/en/Index_239.html
BRO,Broward,V015,212,266,https://results.browardvotes.gov/ENR/browardflenr/239/en/Index_239.html
BRO,Broward,V016,182,238,https://results.browardvotes.gov/ENR/browardflenr/239/en/Index_239.html
BRO,Broward,V017,181,219,https://results.browardvotes.gov/ENR/browardflenr/239/en/Index_239.html
BRO,Broward,V018,252,173,https://results.browardvotes.gov/ENR/browardflenr/239/en/Index_239.html
BRO,Broward,V019,372,208,https://results.browardvotes.gov/ENR/browardflenr/239/en/Index_239.html
BRO,Broward,V020,83,17,https://results.browardvotes.gov/ENR/browardflenr/239/en/Index_239.html
BRO,Broward,V021,297,104,https://results.browardvotes.gov/ENR/browardflenr/239/en/Index_239.html
BRO,Broward,V022,122,55,https://results.browardvotes.gov/ENR/browardflenr/239/en/Index_239.html
BRO,Broward,V023,50,32,https://results.browardvotes.gov/ENR/browardflenr/239/en/Index_239.html
BRO,Broward,V024,24,112,https://results.browardvotes.gov/ENR/browardflenr/239/en/Index_239.html
BRO,Broward,V025,125,50,https://results.browardvotes.gov/ENR/browardflenr/239/en/Index_239.html
BRO,Broward,V026,88,58,https://results.browardvotes.gov/ENR/browardflenr/239/en/Index_239.html
BRO,Broward,V027,204,176,https://results.browardvotes.gov/ENR/browardflenr/239/en/Index_239.html
BRO,Broward,V028,224,125,https://results.browardvotes.gov/ENR/browardflenr/239/en/Index_239.html
BRO,Broward,V029,167,81,https://results.browardvotes.gov/ENR/browardflenr/239/en/Index_239.html
BRO,Broward,W001,518,133,https://results.browardvotes.gov/ENR/browardflenr/239/en/Index_239.html
BRO,Broward,W002,624,167,https://results.browardvotes.gov/ENR/browardflenr/239/en/Index_239.html
BRO,Broward,W003,70,19,https://results.browardvotes.gov/ENR/browardflenr/239/en/Index_239.html
BRO,Broward,W004,620,162,https://results.browardvotes.gov/ENR/browardflenr/239/en/Index_239.html
BRO,Broward,W005,586,176,https://results.browardvotes.gov/ENR/browardflenr/239/en/Index_239.html
BRO,Broward,W006,676,141,https://results.browardvotes.gov/ENR/browardflenr/239/en/Index_239.html
BRO,Broward,W007,763,196,https://results.browardvotes.gov/ENR/browardflenr/239/en/Index_239.html
BRO,Broward,W008,551,137,https://results.browardvotes.gov/ENR/browardflenr/239/en/Index_239.html
BRO,Broward,W009,465,158,https://results.browardvotes.gov/ENR/browardflenr/239/en/Index_239.html
BRO,Broward,W010,204,78,https://results.browardvotes.gov/ENR/browardflenr/239/en/Index_239.html
BRO,Broward,W011,52,16,https://results.browardvotes.gov/ENR/browardflenr/239/en/Index_239.html
BRO,Broward,W012,256,124,https://results.browardvotes.gov/ENR/browardflenr/239/en/Index_239.html
BRO,Broward,W013,233,116,https://results.browardvotes.gov/ENR/browardflenr/239/en/Index_239.html
BRO,Broward,W014,474,266,https://results.browardvotes.gov/ENR/browardflenr/239/en/Index_239.html
BRO,Broward,W015,124,92,https://results.browardvotes.gov/ENR/browardflenr/239/en/Index_239.html
BRO,Broward,W016,392,159,https://results.browardvotes.gov/ENR/browardflenr/239/en/Index_239.html
BRO,Broward,W017,305,172,https://results.browardvotes.gov/ENR/browardflenr/239/en/Index_239.html
BRO,Broward,W018,633,298,https://results.browardvotes.gov/ENR/browardflenr/239/en/Index_239.html
BRO,Broward,W019,166,115,https://results.browardvotes.gov/ENR/browardflenr/239/en/Index_239.html
BRO,Broward,X001,140,97,https://results.browardvotes.gov/ENR/browardflenr/239/en/Index_239.html
BRO,Broward,X002,317,131,https://results.browardvotes.gov/ENR/browardflenr/239/en/Index_239.html
BRO,Broward,X003,101,57,https://results.browardvotes.gov/ENR/browardflenr/239/en/Index_239.html
BRO,Broward,X004,203,116,https://results.browardvotes.gov/ENR/browardflenr/239/en/Index_239.html
BRO,Broward,X005,245,207,https://results.browardvotes.gov/ENR/browardflenr/239/en/Index_239.html
BRO,Broward,X006,314,101,https://results.browardvotes.gov/ENR/browardflenr/239/en/Index_239.html
BRO,Broward,X007,151,152,https://results.browardvotes.gov/ENR/browardflenr/239/en/Index_239.html
BRO,Broward,X008,357,171,https://results.browardvotes.gov/ENR/browardflenr/239/en/Index_239.html
BRO,Broward,X009,281,177,https://results.browardvotes.gov/ENR/browardflenr/239/en/Index_239.html
BRO,Broward,X010,286,222,https://results.browardvotes.gov/ENR/browardflenr/239/en/Index_239.html
BRO,Broward,X011,408,429,https://results.browardvotes.gov/ENR/browardflenr/239/en/Index_239.html
BRO,Broward,X012,304,267,https://results.browardvotes.gov/ENR/browardflenr/239/en/Index_239.html
BRO,Broward,X013,281,68,https://results.browardvotes.gov/ENR/browardflenr/239/en/Index_239.html
BRO,Broward,X014,251,107,https://results.browardvotes.gov/ENR/browardflenr/239/en/Index_239.html
BRO,Broward,X015,518,633,https://results.browardvotes.gov/ENR/browardflenr/239/en/Index_239.html
BRO,Broward,X016,92,54,https://results.browardvotes.gov/ENR/browardflenr/239/en/Index_239.html
BRO,Broward,X017,27,29,https://results.browardvotes.gov/ENR/browardflenr/239/en/Index_239.html
BRO,Broward,X018,53,82,https://results.browardvotes.gov/ENR/browardflenr/239/en/Index_239.html
BRO,Broward,X019,275,204,https://results.browardvotes.gov/ENR/browardflenr/239/en/Index_239.html
BRO,Broward,X020,20,4,https://results.browardvotes.gov/ENR/browardflenr/239/en/Index_239.html
BRO,Broward,X021,13,6,https://results.browardvotes.gov/ENR/browardflenr/239/en/Index_239.html
BRO,Broward,X022,208,190,https://results.browardvotes.gov/ENR/browardflenr/239/en/Index_239.html
BRO,Broward,X023,283,253,https://results.browardvotes.gov/ENR/browardflenr/239/en/Index_239.html
BRO,Broward,X024,345,315,https://results.browardvotes.gov/ENR/browardflenr/239/en/Index_239.html
BRO,Broward,X025,213,169,https://results.browardvotes.gov/ENR/browardflenr/239/en/Index_239.html
BRO,Broward,X026,49,41,https://results.browardvotes.gov/ENR/browardflenr/239/en/Index_239.html
BRO,Broward,X027,356,257,https://results.browardvotes.gov/ENR/browardflenr/239/en/Index_239.html
BRO,Broward,X028,189,131,https://results.browardvotes.gov/ENR/browardflenr/239/en/Index_239.html
BRO,Broward,X029,87,55,https://results.browardvotes.gov/ENR/browardflenr/239/en/Index_239.html
BRO,Broward,Y001,133,217,https://results.browardvotes.gov/ENR/browardflenr/239/en/Index_239.html
BRO,Broward,Y002,146,220,https://results.browardvotes.gov/ENR/browardflenr/239/en/Index_239.html
BRO,Broward,Y003,146,129,https://results.browardvotes.gov/ENR/browardflenr/239/en/Index_239.html
BRO,Broward,Y004,172,79,https://results.browardvotes.gov/ENR/browardflenr/239/en/Index_239.html
BRO,Broward,Y005,354,55,https://results.browardvotes.gov/ENR/browardflenr/239/en/Index_239.html
BRO,Broward,Z001,650,96,https://results.browardvotes.gov/ENR/browardflenr/239/en/Index_239.html
BRO,Broward,Z002,111,62,https://results.browardvotes.gov/ENR/browardflenr/239/en/Index_239.html
BRO,Broward,Z003,15,5,https://results.browardvotes.gov/ENR/browardflenr/239/en/Index_239.html
BRO,Broward,Z004,10,3,https://results.browardvotes.gov/ENR/browardflenr/239/en/Index_239.html
BRO,Broward,Z073,2,6,https://results.browardvotes.gov/ENR/browardflenr/239/en/Index_239.html
PAL,Palm Beach,1401,60,120
PAL,Palm Beach,1501,113,73
PAL,Palm Beach,1502,141,81
PAL,Palm Beach,1503,114,80
PAL,Palm Beach,1505,53,43
PAL,Palm Beach,1506,133,123
PAL,Palm Beach,1507,117,95
PAL,Palm Beach,1508,21,7
PAL,Palm Beach,1509,45,35
PAL,Palm Beach,1510,21,8
PAL,Palm Beach,1511,16,7
PAL,Palm Beach,1512,30,20
PAL,Palm Beach,1513,15,8
PAL,Palm Beach,1514,31,21
PAL,Palm Beach,1515,66,39
PAL,Palm Beach,1516,37,11
PAL,Palm Beach,1517,74,94
PAL,Palm Beach,1518,69,37
PAL,Palm Beach,1519,73,135
PAL,Palm Beach,1520,72,110
PAL,Palm Beach,1521,96,88
PAL,Palm Beach,1523,19,14
PAL,Palm Beach,1524,81,49
PAL,Palm Beach,1525,56,101
PAL,Palm Beach,1526,39,60
PAL,Palm Beach,1527,50,49
PAL,Palm Beach,1528,41,77
PAL,Palm Beach,1529,60,306
PAL,Palm Beach,1530,10,4
PAL,Palm Beach,1531,27,9
PAL,Palm Beach,1532,78,85
PAL,Palm Beach,1537,225,66
PAL,Palm Beach,1538,113,72
PAL,Palm Beach,1539,291,67
PAL,Palm Beach,1540,283,48
PAL,Palm Beach,1542,196,100
PAL,Palm Beach,1543,114,107
PAL,Palm Beach,1544,101,71
PAL,Palm Beach,1545,37,24
PAL,Palm Beach,1601,218,36
PAL,Palm Beach,1602,283,31
PAL,Palm Beach,1603,96,20
PAL,Palm Beach,1604,93,10
PAL,Palm Beach,1605,95,21
PAL,Palm Beach,1606,29,12
PAL,Palm Beach,1701,39,70
PAL,Palm Beach,1702,59,110
PAL,Palm Beach,1703,79,129
PAL,Palm Beach,1704,18,68
PAL,Palm Beach,1705,24,192
PAL,Palm Beach,1706,11,48
PAL,Palm Beach,1707,15,167
PAL,Palm Beach,1708,30,104
PAL,Palm Beach,1709,36,91
PAL,Palm Beach,1710,75,86
PAL,Palm Beach,1711,37,45
PAL,Palm Beach,1712,62,238
PAL,Palm Beach,1713,23,119
PAL,Palm Beach,1714,34,103
PAL,Palm Beach,1715,52,125
PAL,Palm Beach,1716,14,2
PAL,Palm Beach,1717,77,77
PAL,Palm Beach,1718,85,138
PAL,Palm Beach,1719,24,174
PAL,Palm Beach,1720,15,85
PAL,Palm Beach,1721,88,184
PAL,Palm Beach,1722,70,211
PAL,Palm Beach,1723,84,86
PAL,Palm Beach,1724,61,119
PAL,Palm Beach,1725,79,53
PAL,Palm Beach,1726,39,161
PAL,Palm Beach,1727,60,156
PAL,Palm Beach,1728,83,129
PAL,Palm Beach,1729,74,94
PAL,Palm Beach,1730,35,82
PAL,Palm Beach,1731,73,137
PAL,Palm Beach,1732,50,63
PAL,Palm Beach,1733,46,187
PAL,Palm Beach,1734,43,65
PAL,Palm Beach,1735,6,64
PAL,Palm Beach,1736,30,123
PAL,Palm Beach,1737,17,100
PAL,Palm Beach,1738,6,19
PAL,Palm Beach,1739,54,61
PAL,Palm Beach,1801,7,14
PAL,Palm Beach,1901,3,3
PAL,Palm Beach,2401,8,8
PAL,Palm Beach,2402,22,57
PAL,Palm Beach,2403,64,69
PAL,Palm Beach,2404,84,93
PAL,Palm Beach,2405,102,218
PAL,Palm Beach,2406,41,58
PAL,Palm Beach,2407,17,14
PAL,Palm Beach,2408,70,131
PAL,Palm Beach,2409,60,20
PAL,Palm Beach,2410,124,187
PAL,Palm Beach,2411,16,68
PAL,Palm Beach,2412,80,136
PAL,Palm Beach,2413,61,65
PAL,Palm Beach,2414,76,125
PAL,Palm Beach,2415,41,148
PAL,Palm Beach,2416,34,149
PAL,Palm Beach,2417,44,152
PAL,Palm Beach,2418,63,82
PAL,Palm Beach,2419,70,61
PAL,Palm Beach,2420,83,91
PAL,Palm Beach,2421,75,110
PAL,Palm Beach,2422,32,97
PAL,Palm Beach,2423,5,9
PAL,Palm Beach,2424,11,16
PAL,Palm Beach,2425,2,2
PAL,Palm Beach,2426,64,74
PAL,Palm Beach,2427,244,103
PAL,Palm Beach,2428,5,6
PAL,Palm Beach,2429,340,65
PAL,Palm Beach,2430,12,51
PAL,Palm Beach,2431,12,12
PAL,Palm Beach,2433,82,85
PAL,Palm Beach,2434,286,47
PAL,Palm Beach,2435,204,63
PAL,Palm Beach,2436,92,50
PAL,Palm Beach,2437,26,18
PAL,Palm Beach,2438,39,29
PAL,Palm Beach,2501,181,109
PAL,Palm Beach,2503,119,134
PAL,Palm Beach,2504,161,82
PAL,Palm Beach,2505,0,0
PAL,Palm Beach,2506,183,181
PAL,Palm Beach,2508,115,55
PAL,Palm Beach,2509,97,45
PAL,Palm Beach,2510,74,29
PAL,Palm Beach,2511,76,78
PAL,Palm Beach,2512,0,0
PAL,Palm Beach,2513,51,25
PAL,Palm Beach,2514,0,0
PAL,Palm Beach,2515,153,71
PAL,Palm Beach,2517,85,77
PAL,Palm Beach,2518,59,23
PAL,Palm Beach,2519,2,0
PAL,Palm Beach,2601,2,8
PAL,Palm Beach,2701,4,37
PAL,Palm Beach,2801,53,283
PAL,Palm Beach,2901,89,49
PAL,Palm Beach,3401,61,108
PAL,Palm Beach,3402,33,6
PAL,Palm Beach,3501,2,11
PAL,Palm Beach,3502,25,120
PAL,Palm Beach,3503,6,6
PAL,Palm Beach,3504,27,72
PAL,Palm Beach,3505,0,2
PAL,Palm Beach,3506,0,1
PAL,Palm Beach,3507,0,2
PAL,Palm Beach,3601,6,20
PAL,Palm Beach,3701,28,42
PAL,Palm Beach,3702,30,33
PAL,Palm Beach,3704,113,164
PAL,Palm Beach,3705,39,96
PAL,Palm Beach,3706,85,50
PAL,Palm Beach,3707,84,142
PAL,Palm Beach,3708,60,79
PAL,Palm Beach,3709,59,48
PAL,Palm Beach,3710,15,41
PAL,Palm Beach,3711,55,81
PAL,Palm Beach,3712,99,158
PAL,Palm Beach,3713,67,161
PAL,Palm Beach,3714,22,46
PAL,Palm Beach,3715,48,31
PAL,Palm Beach,3716,29,38
PAL,Palm Beach,3717,54,54
PAL,Palm Beach,3718,69,90
PAL,Palm Beach,3719,79,119
PAL,Palm Beach,3721,86,111
PAL,Palm Beach,3722,0,0
PAL,Palm Beach,3723,22,95
PAL,Palm Beach,3724,70,157
PAL,Palm Beach,3725,7,63
PAL,Palm Beach,3727,58,154
PAL,Palm Beach,3728,35,83
PAL,Palm Beach,3730,2,3
PAL,Palm Beach,3801,5,7
PAL,Palm Beach,3802,26,69
PAL,Palm Beach,3803,196,85
PAL,Palm Beach,3804,116,57
PAL,Palm Beach,3805,38,59
PAL,Palm Beach,3901,0,1
PAL,Palm Beach,3902,141,175
PAL,Palm Beach,4401,79,79
PAL,Palm Beach,4502,126,56
PAL,Palm Beach,4503,27,44
PAL,Palm Beach,4504,25,3
PAL,Palm Beach,4505,147,61
PAL,Palm Beach,4601,72,19
PAL,Palm Beach,4602,68,42
PAL,Palm Beach,4603,61,42
PAL,Palm Beach,4604,152,105
PAL,Palm Beach,4605,105,176
PAL,Palm Beach,4606,3,0
PAL,Palm Beach,4607,20,3
PAL,Palm Beach,4608,34,34
PAL,Palm Beach,4609,7,4
PAL,Palm Beach,4610,71,61
PAL,Palm Beach,4611,98,56
PAL,Palm Beach,4612,53,53
PAL,Palm Beach,4613,13,6
PAL,Palm Beach,4614,86,82
PAL,Palm Beach,4615,50,35
PAL,Palm Beach,4616,81,14
PAL,Palm Beach,4617,43,53
PAL,Palm Beach,4618,5,6
PAL,Palm Beach,4620,62,52
PAL,Palm Beach,4621,21,3
PAL,Palm Beach,4622,16,14
PAL,Palm Beach,4623,82,33
PAL,Palm Beach,4624,8,1
PAL,Palm Beach,4701,3,24
PAL,Palm Beach,4801,106,30
PAL,Palm Beach,4901,1,10
PAL,Palm Beach,4902,17,8
PAL,Palm Beach,4903,0,10
PAL,Palm Beach,4904,0,1
PAL,Palm Beach,4905,96,96
PAL,Palm Beach,4906,37,41
PAL,Palm Beach,4907,1,0
PAL,Palm Beach,4908,25,86
PAL,Palm Beach,4909,24,72
PAL,Palm Beach,4910,63,128
PAL,Palm Beach,4911,1,6
PAL,Palm Beach,4912,24,52
PAL,Palm Beach,4913,29,41
PAL,Palm Beach,5401,27,98
PAL,Palm Beach,5501,305,40
PAL,Palm Beach,5601,23,88
PAL,Palm Beach,5602,16,70
PAL,Palm Beach,5603,7,44
PAL,Palm Beach,5604,5,21
PAL,Palm Beach,5605,33,147
PAL,Palm Beach,5607,11,70
PAL,Palm Beach,5608,2,5
PAL,Palm Beach,5705,46,118
PAL,Palm Beach,5706,57,70
PAL,Palm Beach,5707,1,6
PAL,Palm Beach,5708,54,123
PAL,Palm Beach,5709,33,63
PAL,Palm Beach,5710,15,106
PAL,Palm Beach,5712,29,31
PAL,Palm Beach,5713,31,102
PAL,Palm Beach,5718,8,117
PAL,Palm Beach,5719,74,200
PAL,Palm Beach,5720,89,332
PAL,Palm Beach,5722,105,132
PAL,Palm Beach,5723,1,8
PAL,Palm Beach,5724,56,107
PAL,Palm Beach,5725,0,2
PAL,Palm Beach,5726,40,272
PAL,Palm Beach,5727,7,30
PAL,Palm Beach,5728,52,79
PAL,Palm Beach,5729,28,12
PAL,Palm Beach,5732,10,6
PAL,Palm Beach,5733,1,0
PAL,Palm Beach,5734,111,102
PAL,Palm Beach,5735,68,86
PAL,Palm Beach,5736,19,27
PAL,Palm Beach,5737,11,17
PAL,Palm Beach,5738,0,1
PAL,Palm Beach,5739,75,157
PAL,Palm Beach,5740,8,31
PAL,Palm Beach,5741,0,4
PAL,Palm Beach,5742,4,10
PAL,Palm Beach,5743,3,2
PAL,Palm Beach,5744,0,1
PAL,Palm Beach,5746,64,56
PAL,Palm Beach,5747,26,44
PAL,Palm Beach,5748,2,2
PAL,Palm Beach,5749,33,64
PAL,Palm Beach,5750,50,75
PAL,Palm Beach,5752,37,25
PAL,Palm Beach,5753,9,0
PAL,Palm Beach,5754,32,24
PAL,Palm Beach,5755,70,147
PAL,Palm Beach,5756,0,0
PAL,Palm Beach,5757,70,159
PAL,Palm Beach,5758,17,42
PAL,Palm Beach,5759,7,7
PAL,Palm Beach,5761,0,0
PAL,Palm Beach,5801,21,42
PAL,Palm Beach,5901,59,37
PAL,Palm Beach,5902,29,13
PAL,Palm Beach,5908,127,65
PAL,Palm Beach,5910,10,2
PAL,Palm Beach,5911,103,59
PAL,Palm Beach,5912,66,36
PAL,Palm Beach,5916,74,39
PAL,Palm Beach,5920,10,7
PAL,Palm Beach,5921,0,0
PAL,Palm Beach,6401,142,96
PAL,Palm Beach,6403,9,1
PAL,Palm Beach,6404,0,0
PAL,Palm Beach,6405,32,53
PAL,Palm Beach,6406,41,140
PAL,Palm Beach,6411,214,36
PAL,Palm Beach,6412,276,56
PAL,Palm Beach,6413,48,8
PAL,Palm Beach,6414,428,67
PAL,Palm Beach,6415,338,68
PAL,Palm Beach,6416,34,36
PAL,Palm Beach,6417,224,92
PAL,Palm Beach,6418,0,0
PAL,Palm Beach,6419,205,26
PAL,Palm Beach,6420,52,11
PAL,Palm Beach,6421,315,52
PAL,Palm Beach,6422,111,26
PAL,Palm Beach,6423,10,13
PAL,Palm Beach,6424,68,21
PAL,Palm Beach,6425,2,1
PAL,Palm Beach,6426,0,0
PAL,Palm Beach,6427,135,26
PAL,Palm Beach,6428,2,0
PAL,Palm Beach,6501,119,99
PAL,Palm Beach,6502,182,130
PAL,Palm Beach,6503,100,76
PAL,Palm Beach,6504,32,16
PAL,Palm Beach,6505,20,5
PAL,Palm Beach,6506,47,68
PAL,Palm Beach,6507,159,105
PAL,Palm Beach,6508,108,52
PAL,Palm Beach,6509,142,75
PAL,Palm Beach,6510,110,77
PAL,Palm Beach,6511,111,109
PAL,Palm Beach,6512,70,54
PAL,Palm Beach,6513,54,21
PAL,Palm Beach,6514,19,7
PAL,Palm Beach,6515,56,23
PAL,Palm Beach,6516,119,67
PAL,Palm Beach,6517,0,0
PAL,Palm Beach,6518,29,16
PAL,Palm Beach,6519,0,0
PAL,Palm Beach,6522,81,52
PAL,Palm Beach,6523,57,30
PAL,Palm Beach,6524,9,6
PAL,Palm Beach,6525,44,15
PAL,Palm Beach,6526,8,6
PAL,Palm Beach,6601,239,27
PAL,Palm Beach,6701,36,84
PAL,Palm Beach,6801,45,74
PAL,Palm Beach,6802,0,1
PAL,Palm Beach,6803,92,80
PAL,Palm Beach,6804,1,1
PAL,Palm Beach,6806,13,28
PAL,Palm Beach,6807,8,12
PAL,Palm Beach,6901,1,7
PAL,Palm Beach,7401,58,111
PAL,Palm Beach,7402,2,3
PAL,Palm Beach,7403,46,63
PAL,Palm Beach,7404,50,95
PAL,Palm Beach,7405,98,116
PAL,Palm Beach,7406,57,97
PAL,Palm Beach,7407,11,16
PAL,Palm Beach,7408,89,150
PAL,Palm Beach,7409,111,146
PAL,Palm Beach,7410,111,119
PAL,Palm Beach,7411,110,100
PAL,Palm Beach,7412,31,65
PAL,Palm Beach,7413,80,103
PAL,Palm Beach,7414,116,84
PAL,Palm Beach,7415,16,35
PAL,Palm Beach,7416,0,0
PAL,Palm Beach,7418,62,39
PAL,Palm Beach,7419,68,89
PAL,Palm Beach,7420,26,37
PAL,Palm Beach,7421,7,3
PAL,Palm Beach,7423,20,141
PAL,Palm Beach,7424,166,151
PAL,Palm Beach,7426,78,117
PAL,Palm Beach,7428,7,5
PAL,Palm Beach,7429,76,106
PAL,Palm Beach,7501,334,200
PAL,Palm Beach,7601,40,20
PAL,Palm Beach,7602,80,56
PAL,Palm Beach,7603,12,4
PAL,Palm Beach,7605,94,215
PAL,Palm Beach,7606,123,86
PAL,Palm Beach,7607,98,210
PAL,Palm Beach,7608,14,1
PAL,Palm Beach,7611,3,1
PAL,Palm Beach,7612,0,0
PAL,Palm Beach,7613,32,17
PAL,Palm Beach,7614,141,76
PAL,Palm Beach,7615,74,152
PAL,Palm Beach,7618,51,101
PAL,Palm Beach,7620,7,7
PAL,Palm Beach,7621,139,87
PAL,Palm Beach,7622,46,27
PAL,Palm Beach,7623,81,107
PAL,Palm Beach,7624,72,120
PAL,Palm Beach,7626,56,296
PAL,Palm Beach,7628,17,32
PAL,Palm Beach,7630,20,3
PAL,Palm Beach,7631,0,0
PAL,Palm Beach,7634,287,106
PAL,Palm Beach,7635,302,79
PAL,Palm Beach,7636,217,69
PAL,Palm Beach,7637,92,21
PAL,Palm Beach,7638,116,109
PAL,Palm Beach,7639,50,66
PAL,Palm Beach,7640,99,40
PAL,Palm Beach,7642,31,58
PAL,Palm Beach,7643,6,4
PAL,Palm Beach,7644,116,72
PAL,Palm Beach,7645,90,76
PAL,Palm Beach,7646,184,100
PAL,Palm Beach,7647,21,9
PAL,Palm Beach,7648,96,32
PAL,Palm Beach,7650,113,73
PAL,Palm Beach,7651,176,208
PAL,Palm Beach,7653,380,72
PAL,Palm Beach,7654,46,56
PAL,Palm Beach,7655,42,6
PAL,Palm Beach,7657,202,65
PAL,Palm Beach,7658,75,47
PAL,Palm Beach,7659,345,78
PAL,Palm Beach,7660,59,109
PAL,Palm Beach,7664,82,170
PAL,Palm Beach,7665,46,88
PAL,Palm Beach,7666,58,22
PAL,Palm Beach,7667,65,22
PAL,Palm Beach,7668,77,23
PAL,Palm Beach,7669,7,2
PAL,Palm Beach,7670,0,0
PAL,Palm Beach,7671,6,4
PAL,Palm Beach,7672,0,0
PAL,Palm Beach,7673,0,0
PAL,Palm Beach,8405,0,0
PAL,Palm Beach,8408,61,87
PAL,Palm Beach,8409,19,25
PAL,Palm Beach,8410,97,109
PAL,Palm Beach,8411,0,1
PAL,Palm Beach,8412,35,66
PAL,Palm Beach,8413,60,113
PAL,Palm Beach,8414,1,8
PAL,Palm Beach,8415,29,39
PAL,Palm Beach,8417,112,155
PAL,Palm Beach,8418,67,25
PAL,Palm Beach,8419,36,10
PAL,Palm Beach,8420,3,9
PAL,Palm Beach,8421,73,120
PAL,Palm Beach,8423,8,1
PAL,Palm Beach,8424,7,25
PAL,Palm Beach,8426,0,4
PAL,Palm Beach,8427,1,11
PAL,Palm Beach,8428,17,9
PAL,Palm Beach,8429,8,25
PAL,Palm Beach,8430,4,11
PAL,Palm Beach,8431,0,0
PAL,Palm Beach,8432,0,0
PAL,Palm Beach,8434,20,57
PAL,Palm Beach,8435,0,2
PAL,Palm Beach,8436,10,32
PAL,Palm Beach,8437,0,0
PAL,Palm Beach,8438,0,0
PAL,Palm Beach,8439,0,0
PAL,Palm Beach,8440,0,0
PAL,Palm Beach,8441,1,0
PAL,Palm Beach,8447,37,142
PAL,Palm Beach,8448,73,42
PAL,Palm Beach,8450,43,128
PAL,Palm Beach,8451,0,1
PAL,Palm Beach,8452,0,2
PAL,Palm Beach,8453,23,37
PAL,Palm Beach,8454,19,26
PAL,Palm Beach,8455,0,0
PAL,Palm Beach,8456,25,21
PAL,Palm Beach,8457,8,8
PAL,Palm Beach,8458,37,21
PAL,Palm Beach,8459,6,6
PAL,Palm Beach,8460,5,15
PAL,Palm Beach,8461,0,5
PAL,Palm Beach,8462,3,9
PAL,Palm Beach,8463,0,0
PAL,Palm Beach,8464,4,11
PAL,Palm Beach,8465,23,30
PAL,Palm Beach,8466,0,0
PAL,Palm Beach,8468,1,1
PAL,Palm Beach,8469,2,0
PAL,Palm Beach,8470,4,8
PAL,Palm Beach,8471,4,9
PAL,Palm Beach,8472,20,24
PAL,Palm Beach,8474,14,12
PAL,Palm Beach,8475,16,20
PAL,Palm Beach,8476,21,6
PAL,Palm Beach,8477,1,0
PAL,Palm Beach,8481,0,0
PAL,Palm Beach,8483,0,0
PAL,Palm Beach,8485,2,2
PAL,Palm Beach,8487,0,0
PAL,Palm Beach,8488,0,0
PAL,Palm Beach,8489,3,3
PAL,Palm Beach,8490,0,0
PAL,Palm Beach,8502,4,5
PAL,Palm Beach,8503,36,4
PAL,Palm Beach,8505,7,0
PAL,Palm Beach,8506,0,0
PAL,Palm Beach,8507,3,1
PAL,Palm Beach,8508,40,7
PAL,Palm Beach,8509,0,0
PAL,Palm Beach,8510,0,0
PAL,Palm Beach,8511,0,0
PAL,Palm Beach,8514,12,0
PAL,Palm Beach,8601,118,116
PAL,Palm Beach,8602,12,12
PAL,Palm Beach,8603,22,11
PAL,Palm Beach,8604,16,13
PAL,Palm Beach,8605,138,139
PAL,Palm Beach,8606,122,144
PAL,Palm Beach,8607,102,86
PAL,Palm Beach,8608,50,55
PAL,Palm Beach,8609,53,16
PAL,Palm Beach,8610,119,164
PAL,Palm Beach,8611,46,20
PAL,Palm Beach,8612,16,4
PAL,Palm Beach,8613,57,36
PAL,Palm Beach,8614,90,26
PAL,Palm Beach,8616,2,0
PAL,Palm Beach,8617,87,31
PAL,Palm Beach,8618,192,53
PAL,Palm Beach,8619,56,18
PAL,Palm Beach,8620,0,0
PAL,Palm Beach,8621,21,13
PAL,Palm Beach,8622,62,76
PAL,Palm Beach,8623,26,38
PAL,Palm Beach,8624,34,21
PAL,Palm Beach,8625,0,0
PAL,Palm Beach,8628,56,42
PAL,Palm Beach,8631,38,31
PAL,Palm Beach,8632,52,23
PAL,Palm Beach,8633,30,24
PAL,Palm Beach,8635,88,55
PAL,Palm Beach,8636,106,54
PAL,Palm Beach,8637,24,18
PAL,Palm Beach,8638,88,33
PAL,Palm Beach,8639,86,57
PAL,Palm Beach,8641,101,59
PAL,Palm Beach,8645,115,83
PAL,Palm Beach,8648,80,47
PAL,Palm Beach,8649,87,84
PAL,Palm Beach,8650,85,45
PAL,Palm Beach,8651,60,49
PAL,Palm Beach,8652,48,35
PAL,Palm Beach,8653,129,185
PAL,Palm Beach,8654,118,168
PAL,Palm Beach,8656,53,16
PAL,Palm Beach,8657,52,68
PAL,Palm Beach,8658,165,155
PAL,Palm Beach,8659,90,85
PAL,Palm Beach,8660,7,2
PAL,Palm Beach,8661,54,21
PAL,Palm Beach,8662,23,22
PAL,Palm Beach,8663,92,21
PAL,Palm Beach,8664,130,80
PAL,Palm Beach,8665,211,70
PAL,Palm Beach,8666,4,3
PAL,Palm Beach,8668,54,84
PAL,Palm Beach,8670,15,10
PAL,Palm Beach,8671,52,21
PAL,Palm Beach,8672,85,26
PAL,Palm Beach,8673,26,21
PAL,Palm Beach,8675,111,77
PAL,Palm Beach,8676,94,60
PAL,Palm Beach,8677,114,555
PAL,Palm Beach,8678,119,347
PAL,Palm Beach,8679,68,58
PAL,Palm Beach,8680,70,82
PAL,Palm Beach,8681,76,78
PAL,Palm Beach,8682,60,70
PAL,Palm Beach,8683,69,50
PAL,Palm Beach,8684,60,42
PAL,Palm Beach,8685,51,12
PAL,Palm Beach,8686,71,40
PAL,Palm Beach,8687,143,62
PAL,Palm Beach,8688,102,44
PAL,Palm Beach,8689,41,34
PAL,Palm Beach,8690,140,163
PAL,Palm Beach,8691,32,42
PAL,Palm Beach,8692,75,494
PAL,Palm Beach,8693,86,94
PAL,Palm Beach,8694,131,109
PAL,Palm Beach,8695,122,152
PAL,Palm Beach,8696,102,79
PAL,Palm Beach,8697,167,59
PAL,Palm Beach,8698,1,1
PAL,Palm Beach,8699,3,6
PAL,Palm Beach,8701,55,195
PAL,Palm Beach,8702,89,88
PAL,Palm Beach,8704,1,0
PAL,Palm Beach,8705,3,2
PAL,Palm Beach,8706,55,39
PAL,Palm Beach,8711,110,174
PAL,Palm Beach,8712,151,128
PAL,Palm Beach,8713,121,22
PAL,Palm Beach,8714,0,2
PAL,Palm Beach,8715,188,77
PAL,Palm Beach,8716,140,65
PAL,Palm Beach,8718,94,18
PAL,Palm Beach,8719,26,11
PAL,Palm Beach,8720,0,0
PAL,Palm Beach,8721,0,0
PAL,Palm Beach,8722,5,0
PAL,Palm Beach,8723,28,6
PAL,Palm Beach,8724,61,24
PAL,Palm Beach,8725,63,9
PAL,Palm Beach,8728,81,38
PAL,Palm Beach,8729,79,41
PAL,Palm Beach,8730,90,41
PAL,Palm Beach,8731,21,3
PAL,Palm Beach,8733,41,52
PAL,Palm Beach,8734,66,14
PAL,Palm Beach,8735,0,0
PAL,Palm Beach,8736,0,0
PAL,Palm Beach,8737,0,0
PAL,Palm Beach,8738,3,0
PAL,Palm Beach,8739,0,0
PAL,Palm Beach,8741,0,0
PAL,Palm Beach,8742,4,22
PAL,Palm Beach,8743,24,74
PAL,Palm Beach,8744,37,16
PAL,Palm Beach,8745,59,27
PAL,Palm Beach,8746,55,15
PAL,Palm Beach,8747,0,1
PAL,Palm Beach,8748,56,41
PAL,Palm Beach,8801,76,355
PAL,Palm Beach,8802,57,91
PAL,Palm Beach,8803,21,19
PAL,Palm Beach,8804,34,139
PAL,Palm Beach,8805,63,280
PAL,Palm Beach,8806,87,230
PAL,Palm Beach,8807,179,124
PAL,Palm Beach,8808,51,38
PAL,Palm Beach,8809,56,67
PAL,Palm Beach,8810,122,87
PAL,Palm Beach,8811,114,137
PAL,Palm Beach,8812,100,171
PAL,Palm Beach,8813,62,119
PAL,Palm Beach,8814,75,50
PAL,Palm Beach,8815,7,38
PAL,Palm Beach,8818,3,3
PAL,Palm Beach,8819,7,24
PAL,Palm Beach,8820,12,30
PAL,Palm Beach,8821,1,0
PAL,Palm Beach,8822,0,0
PAL,Palm Beach,8823,8,1
PAL,Palm Beach,8824,0,3
PAL,Palm Beach,8825,0,0
PAL,Palm Beach,8827,5,6
PAL,Palm Beach,8828,20,27
PAL,Palm Beach,8829,2,5
PAL,Palm Beach,8830,55,129
PAL,Palm Beach,8831,32,108
PAL,Palm Beach,8832,43,95
PAL,Palm Beach,8833,93,140
PAL,Palm Beach,8834,40,131
PAL,Palm Beach,8835,36,160
PAL,Palm Beach,8836,43,206
PAL,Palm Beach,8837,52,68
PAL,Palm Beach,8838,39,117
PAL,Palm Beach,8839,77,174
PAL,Palm Beach,8840,65,72
PAL,Palm Beach,8841,49,124
PAL,Palm Beach,8842,66,304
PAL,Palm Beach,8843,92,106
PAL,Palm Beach,8844,29,25
PAL,Palm Beach,8845,1,0
PAL,Palm Beach,8846,70,606
PAL,Palm Beach,8847,56,606
PAL,Palm Beach,8848,24,160
PAL,Palm Beach,8849,45,56
PAL,Palm Beach,8850,104,166
PAL,Palm Beach,8851,88,344
PAL,Palm Beach,8852,37,130
PAL,Palm Beach,8853,78,90
PAL,Palm Beach,8854,102,166
PAL,Palm Beach,8855,51,172
PAL,Palm Beach,8856,82,51
PAL,Palm Beach,8857,72,258
PAL,Palm Beach,8858,32,330
PAL,Palm Beach,8859,105,127
PAL,Palm Beach,8860,67,132
PAL,Palm Beach,8861,71,92
PAL,Palm Beach,8862,30,82
PAL,Palm Beach,8863,40,331
PAL,Palm Beach,8864,70,311
PAL,Palm Beach,8865,45,301
PAL,Palm Beach,8866,31,121
PAL,Palm Beach,8867,95,192
PAL,Palm Beach,8868,33,207
PAL,Palm Beach,8869,147,352
PAL,Palm Beach,8870,69,109
PAL,Palm Beach,8871,70,458
PAL,Palm Beach,8872,62,143
PAL,Palm Beach,8873,26,125
PAL,Palm Beach,8874,58,172
PAL,Palm Beach,8875,189,488
PAL,Palm Beach,8876,28,315
PAL,Palm Beach,8877,23,229
PAL,Palm Beach,8878,46,157
PAL,Palm Beach,8879,82,290
PAL,Palm Beach,8880,90,220
PAL,Palm Beach,8881,26,55
PAL,Palm Beach,8882,54,137
PAL,Palm Beach,8883,69,228
PAL,Palm Beach,8884,43,84
PAL,Palm Beach,8885,85,189
PAL,Palm Beach,8886,89,115
PAL,Palm Beach,8887,6,21
PAL,Palm Beach,8888,86,78
PAL,Palm Beach,8889,59,110
PAL,Palm Beach,8890,36,244
PAL,Palm Beach,8891,48,232
PAL,Palm Beach,8892,39,77
PAL,Palm Beach,8893,97,154
PAL,Palm Beach,8894,32,120
PAL,Palm Beach,8895,90,203
PAL,Palm Beach,8896,75,242
PAL,Palm Beach,8897,101,175
PAL,Palm Beach,8898,111,119
PAL,Palm Beach,8899,32,210
PAL,Palm Beach,8901,23,156
PAL,Palm Beach,8902,20,150
PAL,Palm Beach,8904,0,4
PAL,Palm Beach,8905,14,36
PAL,Palm Beach,8906,3,81
PAL,Palm Beach,8907,5,103
PAL,Palm Beach,8908,10,32
PAL,Palm Beach,8909,28,38
PAL,Palm Beach,8910,46,77
PAL,Palm Beach,8911,1,12
PAL,Palm Beach,8912,10,29
PAL,Palm Beach,8913,82,112
PAL,Palm Beach,8914,47,100
PAL,Palm Beach,8915,129,236
PAL,Palm Beach,8917,94,106
PAL,Palm Beach,8918,84,109
PAL,Palm Beach,8919,105,126
PAL,Palm Beach,8920,20,44
PAL,Palm Beach,8921,94,226
PAL,Palm Beach,8922,59,163
PAL,Palm Beach,8923,57,156
PAL,Palm Beach,8924,47,145
PAL,Palm Beach,8925,32,52
PAL,Palm Beach,8926,64,146
PAL,Palm Beach,8927,67,94
PAL,Palm Beach,8928,34,229
PAL,Palm Beach,8929,24,277
PAL,Palm Beach,8930,64,130
PAL,Palm Beach,8931,74,190
PAL,Palm Beach,8932,84,135
PAL,Palm Beach,8933,92,235
PAL,Palm Beach,8934,109,279
PAL,Palm Beach,8935,8,60
PAL,Palm Beach,8936,64,101
PAL,Palm Beach,8937,44,65
PAL,Palm Beach,8938,66,58
PAL,Palm Beach,8939,99,72
PAL,Palm Beach,8941,59,34
PAL,Palm Beach,8942,114,58
PAL,Palm Beach,8943,92,133
PAL,Palm Beach,8944,54,64
PAL,Palm Beach,8945,123,100
PAL,Palm Beach,8946,40,59
PAL,Palm Beach,8947,107,59
PAL,Palm Beach,8949,1,1
PAL,Palm Beach,8950,0,0
PAL,Palm Beach,8951,6,98
PAL,Palm Beach,8952,0,0
PAL,Palm Beach,8953,13,45
PAL,Palm Beach,8954,9,41
PAL,Palm Beach,8955,44,43
PAL,Palm Beach,8956,32,86
PAL,Palm Beach,8957,43,43
PAL,Palm Beach,8958,0,0
PAL,Palm Beach,8959,15,112
PAL,Palm Beach,9401,0,0
PAL,Palm Beach,9402,0,0
PAL,Palm Beach,9405,5,8
PAL,Palm Beach,9406,135,91
PAL,Palm Beach,9407,73,55
PAL,Palm Beach,9408,77,56
PAL,Palm Beach,9409,95,76
PAL,Palm Beach,9410,99,66
PAL,Palm Beach,9411,0,1
PAL,Palm Beach,9412,70,63
PAL,Palm Beach,9413,67,67
PAL,Palm Beach,9416,87,58
PAL,Palm Beach,9417,87,93
PAL,Palm Beach,9418,67,59
PAL,Palm Beach,9419,63,53
PAL,Palm Beach,9420,66,61
PAL,Palm Beach,9421,1,0
PAL,Palm Beach,9422,116,102
PAL,Palm Beach,9423,11,16
PAL,Palm Beach,9424,71,38
PAL,Palm Beach,9425,52,47
PAL,Palm Beach,9426,60,32
PAL,Palm Beach,9427,10,8
PAL,Palm Beach,9428,8,11
PAL,Palm Beach,9430,39,71
PAL,Palm Beach,9431,18,17
PAL,Palm Beach,9432,0,0
PAL,Palm Beach,9433,45,289
PAL,Palm Beach,9434,61,64
PAL,Palm Beach,9435,4,2
PAL,Palm Beach,9436,15,17
PAL,Palm Beach,9437,20,3
PAL,Palm Beach,9438,0,3
PAL,Palm Beach,9901,0,0
PAL,Palm Beach,9902,0,5
